Rk,Player,Age,Team,Pos,G,GS,MP,PER,TS%,3PAr,FTr,ORB%,DRB%,TRB%,AST%,STL%,BLK%,TOV%,USG%,OWS,DWS,WS▼,WS/48,OBPM,DBPM,BPM,VORP,Awards
1,Nikola Jokić,26,DEN,C,74,74,2476,32.8,0.661,0.22,0.357,9.6,35.5,23,42.6,2.2,2.3,15.6,31.9,10.8,4.5,15.2,0.296,9.2,4.5,13.7,9.8,"MVP-1,AS,NBA1"
2,Giannis Antetokounmpo,27,MIL,PF,67,67,2204,32.1,0.633,0.194,0.615,6.6,30.4,18.7,31.7,1.6,4,12.2,34.9,9.2,3.7,12.9,0.281,7.6,3.5,11.2,7.4,"MVP-3,DPOY-6,AS,NBA1,DEF1"
3,Joel Embiid,27,PHI,C,68,68,2297,31.2,0.616,0.188,0.602,7.2,31.1,19.4,23.5,1.7,3.9,11.3,37.2,7.9,4.1,12,0.252,7.2,2,9.2,6.5,"MVP-2,AS,NBA2"
4,Rudy Gobert,29,UTA,C,66,66,2120,24.7,0.732,0.008,0.864,12.9,36.3,25,5.1,1,5.7,14.5,16.9,7.3,4.3,11.7,0.264,2.9,1.7,4.6,3.6,"DPOY-3,AS,DEF1"
5,Karl-Anthony Towns,26,MIN,C,74,74,2476,24.1,0.64,0.301,0.385,8.2,23.6,15.7,18,1.4,3.2,13.7,27.8,7.1,3.2,10.3,0.199,4.5,0.5,5,4.4,"AS,NBA3"
6,Trae Young,23,ATL,PG,76,76,2652,25.4,0.603,0.395,0.358,2.1,9.6,5.9,46.7,1.3,0.2,14.5,34.4,9,1,10,0.181,7.1,-2,5.2,4.8,"AS,NBA3"
7,Robert Williams,24,BOS,C,61,61,1804,22.1,0.745,0.003,0.245,14.6,20.5,17.6,9.7,1.5,6.8,13.4,11.5,6,3.9,9.9,0.262,2.4,3.1,5.5,3.4,"DPOY-7,DEF2"
8,Jayson Tatum,23,BOS,SF,76,76,2731,21.8,0.578,0.416,0.3,3.5,20.2,12.1,21.1,1.4,1.6,10.9,32.1,5,4.6,9.6,0.169,4.3,0.6,5,4.8,"MVP-6,AS,NBA1"
9,Chris Paul,36,PHO,PG,65,65,2139,20.8,0.581,0.27,0.274,1.1,12.8,7.1,44.5,2.7,0.8,15.6,19.7,5.8,3.6,9.4,0.21,3.1,2.3,5.4,4,"MVP-9,AS,NBA3"
10,Jimmy Butler,32,MIA,SF,57,57,1931,23.6,0.592,0.14,0.549,6.1,13.5,9.9,26.4,2.4,1.5,10.5,26.5,6.2,2.9,9.2,0.228,4.5,1.9,6.3,4,AS
11,Mikal Bridges,25,PHO,SF,82,82,2854,14.4,0.627,0.364,0.183,2.9,10,6.5,8.7,1.6,1.1,6.8,15,5.2,3.7,8.9,0.15,0.5,1.1,1.6,2.6,"DPOY-2,DEF1"
12,DeMar DeRozan,32,CHI,PF,76,76,2743,23.1,0.59,0.093,0.386,2.3,13.7,8,23.3,1.2,0.8,9.2,31.8,7,1.8,8.8,0.154,3.4,-0.9,2.5,3.1,"MVP-10,AS,NBA2"
13,Mitchell Robinson,23,NYK,C,72,62,1848,20.7,0.722,0,0.528,16.8,19.1,17.9,3.2,1.6,7.1,12.4,11.4,5.3,3.2,8.5,0.221,1,1.2,2.2,2,
14,Jarrett Allen,23,CLE,C,56,56,1809,23,0.698,0.018,0.428,12,24.5,18.4,8.2,1.2,3.7,12.7,18.1,5.4,3,8.5,0.225,2.7,1.2,3.9,2.7,AS
15,Kevin Durant,33,BRK,PF,55,55,2047,25.6,0.634,0.269,0.367,1.6,19.6,10.8,29.1,1.1,2.3,12.9,31.2,6.4,2,8.4,0.198,6.4,0.7,7.2,4.8,"MVP-10,AS,NBA2"
16,Clint Capela,27,ATL,C,74,73,2042,21.4,0.604,0.002,0.28,15,31.9,23.5,6.6,1.3,4.1,6.1,15.5,5.6,2.7,8.3,0.195,2.1,-0.1,2,2.1,
17,Dwight Powell,30,DAL,C,82,71,1798,18.1,0.725,0.092,0.529,10.7,14.3,12.5,8.1,1,2,11.5,14,6,2.2,8.2,0.219,0.4,0.5,0.9,1.3,
18,Pascal Siakam,27,TOR,PF,68,68,2578,20.3,0.565,0.181,0.314,5.1,20.1,12.2,23,1.6,1.6,11.6,25.8,4.9,3.2,8.1,0.151,2.7,0.8,3.5,3.6,NBA3
19,Stephen Curry,33,GSW,PG,64,64,2211,21.4,0.601,0.613,0.243,1.7,14.4,8.3,30.4,1.9,1,13.2,30.8,4.6,3.4,8,0.173,5.4,0.4,5.8,4.4,"MVP-8,AS,NBA2"
20,James Harden,32,2TM,PG,65,65,2419,20.9,0.583,0.452,0.54,2.6,19.7,11.3,40.3,1.7,1.3,18.8,27.2,4.9,2.7,7.6,0.152,3.7,0.3,4,3.7,AS
21,Luka Dončić,22,DAL,PG,65,65,2301,25.1,0.571,0.406,0.349,2.7,26,14.3,46,1.6,1.4,15.3,37.4,3.8,3.8,7.6,0.159,6.4,1.8,8.2,5.9,"MVP-5,AS,NBA1"
22,Devin Booker,25,PHO,SG,68,68,2345,21.3,0.576,0.336,0.255,2.1,13.2,7.8,22.4,1.6,1,9.3,32,4.3,3.3,7.6,0.156,3.9,0.2,4.1,3.6,"MVP-4,AS,NBA1"
23,Al Horford,35,BOS,C,69,69,2005,16.7,0.574,0.466,0.167,6,22.2,14.3,16.4,1.2,4.2,9.6,14.8,3.7,3.8,7.6,0.181,1.4,2.9,4.3,3.2,DPOY-9
24,Jalen Brunson,25,DAL,SG,79,61,2524,17.1,0.583,0.25,0.211,1.9,11.7,6.8,24.3,1.3,0.1,10.1,21.9,4.9,2.7,7.5,0.143,0.9,0,0.9,1.9,
25,LeBron James,37,LAL,C,56,56,2084,26.2,0.619,0.367,0.275,3.3,20.4,11.8,30.6,1.7,2.5,12.5,32.3,5.2,2.3,7.5,0.172,6.9,0.8,7.7,5.1,"MVP-10,AS,NBA3"
26,Dejounte Murray,25,SAS,PG,68,68,2366,22.3,0.533,0.237,0.199,3.5,21.6,12.5,40.6,2.8,0.8,11.8,27.3,3.9,3.4,7.3,0.149,3.7,1.7,5.4,4.4,AS
27,Tyrese Maxey,21,PHI,PG,75,74,2650,16.2,0.594,0.311,0.247,1.1,8.9,5.1,19.1,1,1.1,7.4,20.2,5.4,1.9,7.3,0.132,1.3,-0.7,0.6,1.8,
28,Jonas Valančiūnas,29,NOP,C,74,74,2240,21.2,0.617,0.168,0.308,10.9,31.2,20.8,14,0.9,2.6,14.4,23.8,4.6,2.7,7.3,0.156,2,-0.1,1.9,2.2,
29,Montrezl Harrell,28,2TM,C,71,3,1641,23.2,0.68,0.031,0.533,10,18.7,14.4,13.9,0.9,2.3,9.5,20.2,6.1,1.2,7.3,0.213,3.7,0.1,3.9,2.4,6MOY-9
30,Deandre Ayton,23,PHO,C,58,58,1713,21.9,0.656,0.027,0.204,9.6,27.1,18.6,7.6,1.1,2.1,10.7,21.4,4.1,3.1,7.3,0.203,2.2,0.6,2.8,2.1,
31,Miles Bridges,23,CHO,PF,80,80,2837,17.9,0.593,0.383,0.274,3.3,17.8,10.4,15.7,1.3,2.2,9.9,22.6,5,2.3,7.2,0.123,1.8,-0.3,1.5,2.5,
32,Ivica Zubac,24,LAC,C,76,76,1852,19.2,0.66,0,0.459,12.8,23.7,18.4,9.8,1,3.5,16.1,16.8,4.3,2.9,7.2,0.187,-0.1,0.8,0.7,1.3,
33,Desmond Bane,23,MEM,SG,76,76,2266,17.6,0.592,0.475,0.141,2.1,13.6,7.7,13.5,1.9,1.1,8.7,23.1,4.5,2.7,7.2,0.153,2.5,0.3,2.7,2.7,
34,Donovan Mitchell,25,UTA,SG,67,67,2266,21.6,0.572,0.475,0.227,2.7,10.6,6.8,27.7,2.2,0.5,11.7,32.9,4.7,2.5,7.2,0.152,4.6,-0.3,4.3,3.6,AS
35,Bam Adebayo,24,MIA,C,56,56,1825,21.8,0.608,0.008,0.466,8.7,26.1,17.5,17.5,2.2,2.6,14.4,25,3.6,3.5,7.2,0.188,1.7,2.1,3.8,2.7,"DPOY-4,DEF2"
36,Domantas Sabonis,25,2TM,PF,62,61,2136,21.9,0.637,0.162,0.429,10.3,29,19.5,23.6,1.3,1.1,17.5,22.3,5.3,1.8,7.1,0.159,3.2,0.9,4.1,3.2,
37,Tyrese Haliburton,21,2TM,PG,77,77,2695,18.2,0.595,0.428,0.209,2.5,10.3,6.3,34.1,2.4,1.6,16.7,19,5.2,1.8,7,0.125,2.7,-0.1,2.6,3.1,
38,Jakob Poeltl,26,SAS,C,68,67,1970,20.8,0.613,0.002,0.287,13.9,20,16.9,14,1.1,5,12.7,18.3,4.4,2.5,6.9,0.168,0.9,0.7,1.6,1.7,
39,Jrue Holiday,31,MIL,PG,67,64,2207,19.8,0.593,0.336,0.189,3.4,10.9,7.2,31.8,2.4,1.3,15,23.5,4.5,2.4,6.9,0.15,2.9,0.3,3.2,2.9,"DPOY-8,DEF2"
40,Steven Adams,28,MEM,C,76,75,1999,17.6,0.56,0.003,0.518,17.9,22,19.9,16.1,1.6,2.7,19.6,12,3.8,3,6.8,0.163,1,1,2,2,
41,Kevon Looney,25,GSW,C,82,80,1732,15.7,0.586,0.003,0.343,13.5,23.8,18.8,13.2,1.4,2.9,13.8,12.2,3.5,3.2,6.8,0.187,-0.9,1.7,0.9,1.3,
42,Mike Conley,34,UTA,PG,72,72,2058,17.2,0.572,0.523,0.205,2.6,8.8,5.8,27.7,2.3,0.9,12.5,20.9,4.4,2.3,6.7,0.157,2.4,0.7,3.1,2.7,
43,Ja Morant,22,MEM,PG,57,57,1889,24.4,0.575,0.218,0.353,4.2,14.1,9,34.1,1.7,1,12.6,33.7,4.6,2.1,6.7,0.171,6.2,-0.1,6.1,3.9,"MVP-7,MIP-1,AS,NBA2"
44,Fred VanVleet,27,TOR,PG,65,65,2462,17.3,0.552,0.585,0.202,1.8,11.4,6.4,26.7,2.3,1.4,12.5,23.7,3.9,2.8,6.7,0.131,3.1,0.5,3.6,3.5,AS
45,Scottie Barnes,20,TOR,PF,74,74,2617,16.3,0.552,0.207,0.231,7.7,15.8,11.5,14.7,1.5,2.1,11.7,19,3.7,2.9,6.6,0.122,0.5,0.4,0.9,1.9,ROY-1
46,Dorian Finney-Smith,28,DAL,PF,80,80,2644,12.5,0.604,0.629,0.12,5.1,10.7,7.9,8.2,1.7,1.3,9.9,13.8,3.4,3.2,6.6,0.121,0.1,0.7,0.8,1.9,
47,Kyle Lowry,35,MIA,PG,63,63,2133,15,0.6,0.609,0.278,1.8,13,7.5,32.3,1.6,0.8,19.3,18.2,3.7,2.7,6.4,0.143,1.1,0.8,2,2.1,
48,Darius Garland,22,CLE,PG,68,68,2430,19,0.576,0.387,0.205,1.8,8.2,5.1,39.9,1.8,0.3,16.2,27.8,3.8,2.5,6.3,0.125,3.4,-0.8,2.6,2.8,AS
49,Brandon Clarke,25,MEM,PF,64,1,1246,23.7,0.66,0.049,0.291,11.1,17.8,14.4,10.3,1.5,4.9,6.3,17.7,4.4,1.9,6.3,0.241,3.1,1.1,4.2,2,6MOY-11
50,Alec Burks,30,NYK,SG,81,44,2318,13.7,0.559,0.534,0.363,2.1,16.6,9.2,15.7,1.8,1.1,9.7,17.7,3.2,2.9,6.1,0.126,-0.4,1.2,0.8,1.7,
51,Harrison Barnes,29,SAC,PF,77,77,2587,15.7,0.623,0.432,0.495,3.4,14.9,9.1,10.5,1,0.5,10.4,18.8,5,1,6,0.112,1.5,-1.3,0.2,1.4,
52,Jarred Vanderbilt,22,MIN,PF,74,67,1880,15.3,0.612,0.039,0.363,12,23.9,17.8,6.7,2.5,2.4,14.8,10.9,3.1,2.9,6,0.153,-0.8,1,0.2,1.1,
53,Jordan Poole,22,GSW,SG,76,51,2283,16.1,0.598,0.548,0.251,1.7,10.5,6.2,21,1.3,1,13.7,26,3.1,2.9,6,0.126,1.3,-0.3,1,1.7,
54,Chris Boucher,29,TOR,SF,80,9,1690,17.9,0.57,0.397,0.334,10.9,21.3,15.8,2.2,1.4,4.3,6,17.8,3.5,2.4,6,0.169,0.5,-0.4,0.1,0.9,
55,Daniel Gafford,23,WAS,C,72,53,1444,21.8,0.708,0.002,0.372,12.1,19,15.6,7.3,1,5.8,12,16.7,4.4,1.6,6,0.198,1.1,0.5,1.6,1.3,
56,Terry Rozier,27,CHO,SG,73,73,2458,17.6,0.566,0.508,0.151,2.4,11.3,6.8,19.7,1.8,1,7.2,23.2,4.3,1.6,5.9,0.115,2.4,-0.7,1.7,2.3,
57,Zach LaVine,26,CHI,SG,67,67,2328,20,0.605,0.401,0.316,1.1,13.8,7.4,20.8,0.9,0.9,11.2,28.8,4.5,1.3,5.8,0.12,3.9,-1.5,2.4,2.6,AS
58,LaMelo Ball,20,CHO,PG,75,75,2422,19.7,0.554,0.451,0.194,4.7,17.4,11,35.7,2.4,1.2,15.3,28.2,3.4,2.5,5.8,0.116,3.3,0.1,3.4,3.3,AS
59,Hassan Whiteside,32,UTA,C,65,8,1162,22.9,0.662,0,0.506,16.2,29.9,23.3,3.4,0.9,7.8,11.6,17.1,3.4,2.3,5.8,0.238,0.6,1.4,2.1,1.2,
60,Jaylen Brown,25,BOS,SF,66,66,2220,18.9,0.574,0.381,0.261,2.6,16.7,9.8,17.9,1.6,0.7,11.6,30.5,2.3,3.4,5.8,0.124,1.9,0.1,2.1,2.2,
61,Kevin Love,33,CLE,C,74,4,1665,19.6,0.594,0.627,0.26,5.9,29.2,17.8,15.3,0.8,1,10.4,25.1,3.2,2.5,5.7,0.164,4.4,0.1,4.5,2.7,6MOY-2
62,Cameron Johnson,25,PHO,PF,66,16,1730,15.2,0.625,0.644,0.188,2.7,14,8.5,7.7,1.6,0.8,6.7,17.5,3.2,2.4,5.6,0.156,2,0.7,2.7,2.1,6MOY-3
63,Gary Trent Jr.,23,TOR,SG,70,69,2448,14.7,0.546,0.502,0.188,1.1,7.7,4.2,8.8,2.5,0.8,5.8,21.8,3.1,2.5,5.6,0.11,-0.1,0.3,0.2,1.3,
64,Tobias Harris,29,PHI,PF,73,73,2543,15.9,0.566,0.269,0.198,3.4,18.1,10.9,15.9,0.9,1.5,9.5,21.7,3,2.6,5.6,0.105,0.6,-0.6,0,1.3,
65,Kristaps Porziņģis,26,2TM,PF,51,51,1481,23.7,0.577,0.329,0.373,7.7,23.1,15.4,13.7,1.3,5,8.3,29.5,3.2,2.4,5.6,0.18,3.3,0.6,3.9,2.2,
66,Marcus Smart,27,BOS,PG,71,71,2296,13.6,0.54,0.501,0.249,2,10.5,6.4,25.6,2.6,0.7,16.6,18.3,1.9,3.7,5.6,0.116,-1.2,1.7,0.5,1.5,"DPOY-1,DEF1"
67,Bobby Portis,26,MIL,C,72,59,2028,17.7,0.571,0.388,0.13,9.6,24.4,17.2,6.4,1.3,2.4,8.9,21.3,2.9,2.6,5.5,0.131,1.2,-1,0.2,1.1,
68,Royce O'Neale,28,UTA,SF,77,77,2406,10.3,0.608,0.689,0.126,3,13.4,8.4,10.5,1.8,1.2,14.4,9.9,2.7,2.8,5.5,0.109,-0.8,1.7,0.8,1.7,
69,Terance Mann,25,LAC,SF,81,33,2317,13.4,0.572,0.301,0.238,4.9,14.3,9.7,13.1,1.2,0.8,9.9,16,3.1,2.4,5.5,0.113,-0.8,0.2,-0.6,0.8,
70,Isaiah Hartenstein,23,LAC,C,68,0,1216,22,0.664,0.082,0.361,10.5,18.2,14.5,20.5,2,5.4,16.5,18.4,3.3,2.2,5.5,0.215,1.4,3.1,4.5,2,
71,Monte Morris,26,DEN,PG,75,74,2239,14.7,0.583,0.406,0.109,1.4,9.6,5.6,21.4,1.2,0.6,8.8,17.4,3.9,1.5,5.4,0.116,0.8,-0.8,0,1.1,
72,Jaren Jackson Jr.,22,MEM,PF,78,78,2126,17,0.535,0.387,0.333,5.7,16.9,11.2,5.8,1.6,7.4,9.9,25.4,1.7,3.7,5.4,0.121,-0.9,0.8,-0.1,1,"DPOY-5,DEF1"
73,Khris Middleton,30,MIL,SF,66,66,2141,18.1,0.577,0.425,0.285,2.1,15.3,8.8,25.5,1.7,0.8,14.2,26.7,3.2,2.2,5.3,0.119,1.9,-0.3,1.6,1.9,AS
74,Bojan Bogdanović,32,UTA,PF,69,69,2131,15.7,0.599,0.504,0.28,3.1,11.8,7.6,8.7,0.8,0,10.2,23.7,3.6,1.6,5.2,0.118,1.6,-1.6,0,1.1,
75,Evan Mobley,20,CLE,PF,69,69,2331,16.1,0.549,0.111,0.304,6.9,19.8,13.5,11.6,1.2,4.4,12.4,20.4,1.5,3.7,5.2,0.107,-0.9,1.5,0.6,1.5,ROY-2
76,Aaron Gordon,26,DEN,PF,75,75,2376,15.3,0.602,0.312,0.276,6.1,14.3,10.3,11.6,0.9,1.7,12.5,19.7,3.2,2,5.2,0.105,0.5,-1.1,-0.6,0.9,
77,Gary Payton II,29,GSW,SG,71,16,1247,17.8,0.679,0.349,0.169,6.5,14.9,10.8,7.6,3.8,1.7,9.8,14.3,2.5,2.6,5.2,0.199,0.3,3.4,3.7,1.8,
78,Andrew Wiggins,26,GSW,SF,73,73,2329,15,0.56,0.392,0.231,4.1,10.9,7.6,10.8,1.6,2.1,9,23.1,1.8,3.4,5.1,0.105,0.3,0.1,0.4,1.4,AS
79,Derrick White,27,2TM,SG,75,52,2199,14.8,0.549,0.461,0.294,1.8,10.7,6.3,22.9,1.4,2.3,11.6,19.9,2.8,2.3,5.1,0.111,0.4,0.6,0.9,1.6,
80,Andre Drummond,28,2TM,C,73,36,1437,21,0.574,0.007,0.379,18,34.1,26.2,13.7,2.7,4.2,18.5,19,2,3.1,5.1,0.17,-0.1,1.4,1.3,1.2,
81,Tyus Jones,25,MEM,PG,73,23,1549,16.5,0.544,0.371,0.12,1.1,11,5.9,28.2,2,0.1,7.3,16.6,3.4,1.6,5.1,0.158,1.2,0.5,1.7,1.4,6MOY-11
82,Grant Williams,23,BOS,PF,77,21,1875,11.2,0.635,0.597,0.22,3.8,11.8,7.9,5.7,1,2.8,11.6,12.6,2.4,2.6,5.1,0.13,-1.4,1.1,-0.4,0.8,
83,Jaxson Hayes,21,NOP,C,70,28,1398,18.5,0.68,0.143,0.472,8.9,16.2,12.5,4.7,1.2,3.8,10.1,16.4,3.7,1.3,5.1,0.174,0.6,-0.3,0.2,0.8,
84,John Collins,24,ATL,PF,54,53,1663,18.7,0.61,0.273,0.262,6.2,21.5,13.9,8.9,1,3,7.7,20.5,3.6,1.4,5.1,0.146,1.5,0,1.5,1.5,
85,P.J. Tucker,36,MIA,PF,71,70,1981,11.3,0.593,0.451,0.143,5.8,16.2,11.1,10.6,1.5,0.8,12.7,11.7,2.4,2.6,5,0.121,-0.8,1.4,0.6,1.3,
86,Wendell Carter Jr.,22,ORL,PF,62,61,1852,18.4,0.601,0.313,0.303,7.9,29.1,18.5,15.4,0.9,2.1,13.1,20.9,2.6,2.4,5,0.129,1,0.6,1.6,1.7,
87,Lauri Markkanen,24,CLE,SF,61,61,1878,14.7,0.582,0.541,0.226,3.5,16.5,10.2,6.6,1.2,1.4,6.5,19.5,2.7,2.3,5,0.127,0.4,-0.1,0.4,1.1,
88,JaVale McGee,34,PHO,C,74,17,1172,22.6,0.651,0.02,0.319,15.3,29.7,22.7,5.4,0.9,6.1,15.8,22.8,2.4,2.6,4.9,0.201,-0.1,0.9,0.8,0.8,
89,Keldon Johnson,22,SAS,SF,75,74,2392,15.2,0.574,0.395,0.231,3.5,16.7,10,9.5,1.2,0.5,7.6,21.3,2.9,2,4.9,0.099,0.7,-1.2,-0.5,0.9,
90,Otto Porter Jr.,28,GSW,PF,63,15,1396,15.9,0.581,0.519,0.147,6.9,21,14.2,9.6,2.4,2,7.7,15,2.2,2.7,4.9,0.168,1,2.1,3.1,1.8,
91,Christian Wood,26,HOU,C,68,67,2094,19.1,0.595,0.383,0.378,5.7,30.4,18,12.2,1.2,2.8,11,23.3,2.9,2,4.9,0.112,2.1,-0.4,1.6,1.9,
92,Bruce Brown,25,BRK,SF,72,45,1774,15,0.575,0.186,0.253,6.3,14.7,10.6,11.5,2.1,2.6,9.1,15,2.8,2,4.8,0.13,-0.4,1.1,0.7,1.2,
93,Mason Plumlee,31,CHO,C,73,73,1793,14.7,0.603,0.006,0.534,10.2,23.3,16.7,16.4,1.6,2.7,20.2,11.7,2.7,2,4.7,0.127,-1.5,1.5,0,0.9,
94,Herbert Jones,23,NOP,PF,78,69,2335,12.3,0.573,0.293,0.283,4.5,9.6,7,10,2.7,2.5,13.4,13.7,2.1,2.5,4.6,0.096,-2,1.5,-0.5,0.9,ROY-6
95,Shai Gilgeous-Alexander,23,OKC,PG,56,56,1942,20.9,0.557,0.282,0.385,1.9,13,7.4,31.1,1.8,2.2,11.1,30.8,2.8,1.8,4.6,0.113,2.9,0.5,3.4,2.7,
96,Anthony Davis,28,LAL,C,40,40,1404,23.9,0.578,0.101,0.351,8.1,22,15.1,14.7,1.7,5.7,9.3,27.1,2.6,2,4.5,0.155,2.6,1.2,3.8,2,
97,Nikola Vučević,31,CHI,C,73,73,2418,18.2,0.533,0.287,0.105,6.6,30.7,18.7,15.2,1.4,2.5,10.1,24.5,1.4,3.2,4.5,0.09,0.8,0.1,0.9,1.8,
98,Luke Kennard,25,LAC,SG,70,13,1919,13.3,0.619,0.662,0.121,1.1,11.2,6.3,11.2,1.1,0.3,8.2,16.8,2.8,1.7,4.5,0.113,0.8,-0.3,0.5,1.2,6MOY-5
99,Mo Bamba,23,ORL,C,71,69,1824,16.5,0.582,0.455,0.118,8.5,24.6,16.5,7.4,1,5.9,10.6,17.2,1.8,2.7,4.5,0.118,-0.2,0.9,0.7,1.2,
100,Pat Connaughton,29,MIL,SF,65,19,1691,13.4,0.62,0.746,0.109,2.9,14,8.6,6.6,1.7,0.9,6.3,14,2.8,1.6,4.4,0.125,0.8,0.3,1.2,1.4,
101,Javonte Green,28,CHI,SF,65,45,1519,14,0.637,0.311,0.295,6.8,13.6,10.2,5.3,2.2,1.8,7.6,11.5,2.9,1.5,4.4,0.139,-0.6,0.7,0.1,0.8,
102,D'Angelo Russell,25,MIN,PG,65,65,2077,16.3,0.544,0.531,0.246,1.3,10.1,5.6,33.1,1.4,1,13.2,25.1,2.9,1.5,4.4,0.101,2.2,-1.5,0.8,1.4,
103,Josh Hart,26,2TM,SG,54,53,1791,16.1,0.61,0.374,0.371,3.7,20.7,12,18.9,1.7,0.7,14.7,18.6,2.8,1.5,4.4,0.117,0.5,0.5,0.9,1.3,
104,Jae Crowder,31,PHO,PF,67,67,1886,11.3,0.541,0.671,0.165,1.8,18,10.1,8.3,2.4,1.4,8.6,14.6,0.9,3.4,4.3,0.11,-1.3,2.4,1.1,1.5,
105,Anthony Edwards,20,MIN,SG,72,72,2466,16.5,0.56,0.484,0.225,2.6,12.5,7.5,17.4,2,1.8,12.2,26.4,1.8,2.4,4.3,0.084,1.6,-0.4,1.2,2,
106,Isaac Okoro,21,CLE,SF,67,61,1981,10.4,0.589,0.364,0.36,4.1,7.1,5.6,8.5,1.4,1,10.4,12.4,2.4,1.9,4.2,0.103,-2.4,0.7,-1.7,0.1,
107,Immanuel Quickley,22,NYK,PG,78,3,1802,14.6,0.543,0.547,0.278,1.8,13.1,7.4,24.5,1.5,0.2,10.9,22.2,2.5,1.8,4.2,0.113,0.2,0,0.2,1,6MOY-10
108,Seth Curry,31,2TM,SG,64,64,2135,13.7,0.615,0.506,0.127,1.1,9.1,5.2,16.3,1.2,0.6,12.3,18.5,2.7,1.5,4.2,0.095,0.3,-0.9,-0.6,0.8,
109,Onyeka Okongwu,21,ATL,C,48,6,992,19.8,0.714,0,0.487,12.8,18.4,15.6,7.6,1.5,5.4,13.8,14,3.1,1.1,4.2,0.202,0,0.8,0.8,0.7,
110,John Konchar,25,MEM,SG,72,7,1292,14,0.615,0.481,0.187,6.9,20.1,13.3,10.6,1.7,1.5,9.3,9.9,2.4,1.8,4.2,0.155,0.2,1.3,1.5,1.2,
111,Grayson Allen,26,MIL,SG,66,61,1805,12.7,0.609,0.684,0.13,1.9,10.9,6.5,7.6,1.2,1,6.7,15.2,2.8,1.4,4.2,0.11,0.6,-0.2,0.4,1.1,
112,Patrick Beverley,33,MIN,PG,58,54,1476,14.8,0.539,0.555,0.305,4.4,13.2,8.7,24.5,2.2,3.4,12.9,16.1,2.3,1.7,4.1,0.132,0.6,2.1,2.7,1.7,
113,Spencer Dinwiddie,28,2TM,PG,67,51,1980,15.1,0.543,0.449,0.343,2.6,13,7.8,25.7,1.1,0.6,10.9,21.4,2.7,1.4,4.1,0.098,0.8,-0.4,0.3,1.1,
114,Franz Wagner,20,ORL,SF,79,79,2429,14.7,0.559,0.278,0.225,3.6,11.9,7.7,15.7,1.4,1.3,10,21.2,2.1,1.9,4,0.079,-0.4,-0.3,-0.7,0.8,ROY-5
115,Saddiq Bey,22,DET,SF,82,82,2704,14,0.529,0.537,0.224,4.1,14.1,8.8,13.8,1.3,0.5,7.1,21.3,2.4,1.6,4,0.071,0.9,-1.2,-0.3,1.2,
116,Caleb Martin,26,MIA,SF,60,12,1372,14.8,0.611,0.378,0.227,5.9,13,9.5,7,2.1,2.3,10.3,16.3,1.9,2.1,4,0.139,0.1,0.9,1.1,1.1,
117,Duncan Robinson,27,MIA,SG,79,68,2043,10.6,0.573,0.86,0.084,1.4,9.8,5.6,9.3,1,0.7,7.4,17.7,1.9,2,3.9,0.092,-0.3,-0.3,-0.6,0.7,
118,Obi Toppin,23,NYK,PF,72,10,1230,18.3,0.614,0.357,0.262,5.9,17.7,11.7,10.9,1,2.6,9.6,20.8,2.5,1.5,3.9,0.153,1.7,0.3,2,1.2,
119,Cody Martin,26,CHO,SF,71,11,1866,12.7,0.579,0.376,0.253,4.6,11.7,8.1,12.4,2.3,1.6,11.5,12.1,2.4,1.5,3.9,0.101,-1.2,0.7,-0.5,0.7,
120,Jeff Green,35,DEN,PF,75,63,1849,12.5,0.627,0.318,0.374,2.6,11.1,7,7.3,0.7,1.3,10.3,16.3,2.7,1.2,3.9,0.101,-1.2,-1.3,-2.5,-0.2,
121,Brandon Ingram,24,NOP,SF,55,55,1869,18.7,0.554,0.23,0.328,2,17.3,9.5,27.8,0.9,1.3,11.8,29.3,2.5,1.3,3.9,0.099,2.6,-0.6,2,1.9,
122,Amir Coffey,24,LAC,SG,69,30,1567,13,0.598,0.545,0.251,1.8,11.2,6.7,11.4,1.2,0.8,8,15.8,2.3,1.5,3.8,0.116,-0.3,0,-0.3,0.7,
123,Tyler Herro,22,MIA,SG,66,10,2151,16.2,0.561,0.391,0.195,1.7,15.4,8.7,20.9,1,0.4,12.5,28.8,1.3,2.4,3.8,0.084,1.6,-0.9,0.7,1.5,6MOY-1
124,Matisse Thybulle,24,PHI,SG,66,50,1685,11.2,0.594,0.48,0.143,2.8,7.1,5,6.1,3.4,3.8,10.9,9.5,1.2,2.5,3.7,0.107,-2.2,3.3,1.1,1.3,"DPOY-11,DEF2"
125,OG Anunoby,24,TOR,SF,48,48,1728,14.8,0.549,0.455,0.169,4.4,12.6,8.3,11,2.1,1.4,9.7,20.5,1.8,1.9,3.7,0.104,0.4,0.1,0.5,1.1,
126,Nicolas Batum,33,LAC,PF,59,54,1462,13.5,0.608,0.698,0.098,2.2,15.8,9.2,9.7,1.9,2.4,9,13.3,1.6,2.1,3.7,0.123,0.5,1.9,2.3,1.6,
127,De'Anthony Melton,23,MEM,SG,73,15,1657,15.2,0.529,0.535,0.173,4,17.1,10.4,16,3,2.1,13,21.3,0.9,2.8,3.7,0.107,0.3,1.6,1.9,1.6,6MOY-8
128,Evan Fournier,29,NYK,SG,80,80,2358,12.3,0.554,0.641,0.117,1.5,8.2,4.8,11.9,1.7,0.8,9.4,20.8,1.5,2.2,3.7,0.075,-0.4,-0.3,-0.7,0.7,
129,Bogdan Bogdanović,29,ATL,SG,63,27,1848,15.4,0.562,0.578,0.145,1.7,13,7.4,15.5,1.8,0.7,7.7,21.6,2.5,1.2,3.7,0.095,1.5,-0.2,1.3,1.5,6MOY-6
130,Delon Wright,29,ATL,SG,77,8,1452,13.8,0.576,0.431,0.234,3.8,12.7,8.3,16.6,3.1,1.2,13.2,10.3,2.2,1.5,3.6,0.121,-0.2,2.4,2.2,1.6,
131,Danilo Gallinari,33,ATL,PF,66,18,1672,14.3,0.579,0.492,0.261,2.3,17.8,10.1,8.5,0.8,0.6,5.4,18.4,2.8,0.8,3.6,0.105,1,-1.2,-0.2,0.8,
132,Max Strus,25,MIA,SF,68,16,1587,12.7,0.614,0.784,0.094,1.7,12.5,7.2,8.8,0.9,1.1,8.8,18.1,2,1.7,3.6,0.11,1.4,-0.4,0.9,1.2,
133,Draymond Green,31,GSW,PF,46,44,1329,14.3,0.582,0.21,0.354,3.8,23.2,13.8,32.5,2.2,3.6,31.9,14.3,0.8,2.8,3.6,0.131,-1.4,4.6,3.2,1.8,"DPOY-10,AS,DEF2"
134,Malik Monk,23,LAL,SG,76,37,2139,14.4,0.597,0.535,0.142,1.9,11,6.4,15.2,1.4,1.2,12.2,20.1,2.3,1.4,3.6,0.081,0.5,-1,-0.5,0.8,
135,Jusuf Nurkić,27,POR,C,56,56,1579,20,0.586,0.093,0.447,11.2,32.6,21.5,16.6,1.9,2.1,16.6,23.6,2,1.7,3.6,0.11,0.1,0.2,0.3,0.9,
136,Carmelo Anthony,37,LAL,PF,69,3,1793,14.8,0.579,0.549,0.22,3.7,13.5,8.6,5.6,1.3,2.6,6.9,20.4,2.2,1.4,3.6,0.097,0.4,-0.8,-0.5,0.7,
137,CJ McCollum,30,2TM,PG,62,62,2145,18.3,0.553,0.403,0.146,2.6,11.5,6.9,26.1,1.6,1,9.3,27.5,2.6,1,3.6,0.081,3.2,-1.3,1.9,2.1,
138,Trey Lyles,26,2TM,PF,75,23,1537,16.4,0.588,0.372,0.432,6,21.2,13.4,9,0.9,1.9,9.8,20.7,2.4,1.2,3.5,0.111,0.5,-0.8,-0.3,0.7,
139,Josh Richardson,28,2TM,SG,65,7,1600,12.8,0.573,0.461,0.202,2.8,9.4,6.2,10.1,1.7,1.6,10.2,17.6,1.6,2,3.5,0.106,-0.6,0.7,0.1,0.9,
140,Jordan Clarkson,29,UTA,SG,79,1,2141,14.9,0.532,0.536,0.156,3.5,10.2,7,14.5,1.5,0.7,9.8,26.8,1.5,2,3.5,0.079,0.5,-1.2,-0.6,0.7,6MOY-4
141,Dwight Howard,36,LAL,C,60,27,971,18.2,0.657,0.068,0.667,13.1,26.3,19.7,5,1.7,3.3,14.2,14.6,2.2,1.3,3.5,0.174,-0.2,0,-0.2,0.4,
142,Dewayne Dedmon,32,MIA,C,67,15,1065,15.9,0.632,0.162,0.345,11.4,29.4,20.6,6.7,1.1,4.2,17.3,16.9,1.5,2,3.5,0.157,-2.2,1.1,-1,0.3,
143,Kyle Anderson,28,MEM,PF,69,11,1484,14.4,0.506,0.232,0.224,4.8,21.6,13,16.2,2.5,2.7,12.1,16.2,1,2.5,3.5,0.113,-0.9,2.1,1.2,1.2,
144,Nic Claxton,22,BRK,C,47,19,974,18.6,0.672,0,0.352,10.4,18.9,14.8,6.4,1.2,4.7,11.1,15.1,2.3,1.2,3.5,0.171,0.3,0.2,0.5,0.6,
145,Isaiah Stewart,20,DET,C,71,71,1816,14,0.55,0.094,0.21,12.8,24.5,18.4,6.9,0.6,3.9,13.7,14.6,1.6,1.8,3.4,0.091,-2.5,-0.8,-3.3,-0.6,
146,Drew Eubanks,24,2TM,C,71,31,1245,18,0.638,0.062,0.35,11,22.2,16.5,10.1,1.2,2.8,15.9,17.5,2.2,1.1,3.4,0.13,-0.5,-0.9,-1.4,0.2,
147,P.J. Washington,23,CHO,C,65,28,1768,13.6,0.588,0.566,0.152,4.8,15.5,10.1,11.2,1.5,3.3,12.6,15.6,1.8,1.6,3.4,0.091,-0.2,0.2,-0.1,0.9,
148,Kyrie Irving,29,BRK,PG,29,29,1091,21.4,0.592,0.388,0.209,1.6,10.8,6.3,25.2,1.8,1.4,9.8,29.4,2.4,0.9,3.3,0.147,4.2,-1.2,3,1.4,
149,Damian Jones,26,SAC,C,56,15,1017,18.3,0.701,0.109,0.492,7.9,18.5,13.2,10.2,1.2,4,15.4,16.2,2.4,0.9,3.3,0.156,-0.2,0.5,0.3,0.6,
150,Devin Vassell,21,SAS,SF,71,32,1937,13.3,0.54,0.497,0.13,2.4,14.3,8.3,9.7,1.9,1.8,6.7,18.9,1.3,2,3.3,0.082,-0.5,0,-0.5,0.7,
151,Kelly Oubre Jr.,26,CHO,SF,76,13,1999,14.9,0.56,0.593,0.203,4.1,12,8,6.2,1.8,1.5,6.2,23,1.8,1.4,3.3,0.079,0.2,-1.6,-1.4,0.3,6MOY-7
152,Richaun Holmes,28,SAC,C,45,37,1074,17.8,0.689,0.017,0.3,9.3,22.9,16.1,6.8,0.8,3.3,14.2,15.8,2.4,0.9,3.2,0.145,-0.4,-0.1,-0.5,0.4,
153,Robert Covington,31,2TM,PF,71,42,1940,12.4,0.572,0.681,0.139,3.3,18.9,11,6.8,2.6,4.4,12.4,13.5,0.8,2.4,3.2,0.08,-1.6,1.7,0.2,1.1,
154,Will Barton,31,DEN,SG,71,71,2277,13.4,0.548,0.48,0.142,2.2,14.1,8.3,17.6,1.2,1.2,11.8,20.8,1.2,1.9,3.2,0.067,0.4,-0.9,-0.5,0.9,
155,Naz Reid,22,MIN,C,77,6,1215,17.2,0.588,0.349,0.313,8.8,18,13.3,8.7,1.6,5.6,13.2,21.4,1.5,1.6,3.2,0.125,-0.5,0.5,0,0.6,
156,Reggie Bullock,30,DAL,SF,68,37,1902,9.2,0.558,0.782,0.096,1.9,12.2,7,6.1,1.1,0.7,7.1,13.3,1.2,2,3.2,0.08,-1.4,0,-1.4,0.3,
157,Willy Hernangómez,27,NOP,C,50,8,839,22.2,0.582,0.037,0.431,18.5,26.3,22.3,11.9,1.2,2.2,11.6,22.5,2.2,0.9,3.2,0.18,1.8,-1.5,0.2,0.5,
158,Julius Randle,27,NYK,PF,72,72,2544,15.7,0.509,0.313,0.322,5.2,25.5,15.1,25.1,1,1.5,14.7,28.7,-0.3,3.4,3.1,0.059,0.4,0.2,0.5,1.6,
159,Myles Turner,25,IND,C,42,42,1235,17.4,0.615,0.466,0.267,5.8,21.3,13.4,5.1,1.1,8.3,10.9,17.1,1.7,1.4,3.1,0.12,0.1,1.4,1.4,1.1,
160,Payton Pritchard,24,BOS,PG,71,2,1001,15,0.578,0.657,0.056,3.5,10.8,7.2,20.4,1.2,0.5,9.7,18.6,1.8,1.2,3.1,0.148,1.7,0.1,1.8,1,
161,LaMarcus Aldridge,36,BRK,C,47,12,1050,19.6,0.604,0.1,0.223,7.8,18.7,13.4,6.3,0.6,4,8,22.4,2.1,1,3.1,0.141,1.3,-0.6,0.7,0.7,
162,Jae'Sean Tate,26,HOU,PF,78,77,2056,14.3,0.567,0.277,0.252,7.2,15.3,11.2,16.9,1.7,1.8,14.6,19.6,1.9,1.1,3,0.071,-1.3,-0.5,-1.8,0.1,
163,Jonathan Kuminga,19,GSW,SF,70,12,1185,15.2,0.6,0.324,0.413,5.1,16.1,10.8,8.4,1.3,1.8,12,22.7,1.3,1.8,3,0.123,-1.3,-0.2,-1.5,0.1,
164,Nemanja Bjelica,33,GSW,C,71,0,1142,14.2,0.573,0.436,0.237,6.1,21.5,14.1,19.8,1.8,2.2,18.7,17.8,1,2.1,3,0.128,-0.9,2.3,1.4,1,
165,Ayo Dosunmu,22,CHI,SG,77,40,2110,11.2,0.596,0.348,0.146,1.4,9.9,5.7,16.5,1.4,1.2,15.9,14.1,1.7,1.3,3,0.069,-1.9,-0.1,-2,0,
166,Maxi Kleber,30,DAL,PF,59,21,1450,11,0.537,0.72,0.184,5.4,21.5,13.4,6.5,1,3.6,10.9,13.3,0.7,2.3,3,0.098,-1.6,1.2,-0.4,0.6,6MOY-11
167,Dennis Schröder,28,2TM,PG,64,29,1837,13,0.539,0.345,0.254,2,10.5,6.3,24.2,1.4,0.4,15.1,22.6,1,1.9,2.9,0.076,-1.5,-0.4,-1.9,0,
168,KJ Martin,21,HOU,SF,79,2,1656,14.3,0.603,0.321,0.235,5.3,14.5,9.9,9.4,1,2.2,9.4,16.3,2.3,0.6,2.9,0.084,0,-1.2,-1.2,0.4,
169,Isaiah Roby,23,OKC,PF,45,28,948,18.3,0.607,0.307,0.359,8,15.6,11.8,12.1,1.8,3.3,10.3,19,1.8,1.1,2.9,0.147,0.4,0.2,0.6,0.6,
170,Tre Jones,22,SAS,PG,69,11,1148,15,0.545,0.15,0.268,2.6,11.6,7.1,27,1.8,0.5,10.8,15.6,1.9,0.9,2.9,0.121,-0.9,0.4,-0.5,0.4,
171,Cedi Osman,26,CLE,SF,66,3,1462,13.3,0.563,0.628,0.229,1.9,9,5.5,14.1,1.8,0.6,9.6,21.1,1.3,1.6,2.9,0.094,-0.3,0.5,0.2,0.8,
172,Austin Reaves,23,LAL,SG,61,19,1418,11.5,0.6,0.525,0.371,3.4,11.2,7.3,10.3,1,1.3,9.8,12.4,2.1,0.8,2.9,0.097,-1.3,-0.6,-1.9,0,
173,Malik Beasley,25,MIN,SG,79,18,1976,11.9,0.544,0.749,0.071,1.4,11.2,6.2,8.5,1,0.6,4.7,19.4,1.7,1.2,2.9,0.069,0.7,-1.5,-0.7,0.7,
174,Gordon Hayward,31,CHO,SF,49,48,1564,15.1,0.57,0.357,0.241,2.5,12.8,7.6,16.1,1.4,1.3,10.6,20.7,1.9,1,2.8,0.087,0.1,-0.8,-0.7,0.5,
175,Patty Mills,33,BRK,SG,81,48,2346,10.4,0.563,0.715,0.074,0.9,6.2,3.6,10.6,1.1,0.6,8.2,16.4,1.9,0.9,2.8,0.058,-0.3,-1.4,-1.7,0.2,
176,Norman Powell,28,2TM,SF,45,41,1458,16.3,0.603,0.418,0.385,1.5,9.7,5.4,10.8,1.4,1.4,8.9,23.1,2.4,0.4,2.8,0.093,1.2,-1.5,-0.3,0.6,
177,Kevin Huerter,23,ATL,SF,74,60,2188,11.9,0.57,0.541,0.068,1.6,11,6.4,13.2,1.2,1.1,10.4,17.5,1.8,1,2.8,0.062,-0.5,-0.7,-1.2,0.4,
178,Kentavious Caldwell-Pope,28,WAS,SG,77,77,2329,12.6,0.568,0.492,0.186,2,10.3,6.2,9.1,1.8,0.9,9.8,19,1.4,1.4,2.8,0.058,-0.9,-0.6,-1.5,0.3,
179,Jaylen Nowell,22,MIN,SG,62,1,975,16.8,0.581,0.387,0.223,2.4,11.4,6.8,20.2,1.3,1,7.4,21,2.1,0.7,2.8,0.138,1.5,-0.7,0.8,0.7,
180,Georges Niang,28,PHI,PF,76,7,1736,10.7,0.594,0.687,0.105,1.6,11.3,6.5,8.7,0.9,0.7,9.1,16.8,1.5,1.3,2.8,0.077,-0.8,-1.1,-1.9,0,
181,Jalen Smith,21,2TM,PF,51,8,925,18.4,0.595,0.349,0.291,12,24.5,18.2,3.9,0.8,3.9,9.6,20.3,1.7,1.1,2.8,0.145,0.9,-1.4,-0.5,0.3,
182,Devonte' Graham,26,NOP,PG,76,63,2162,12.1,0.514,0.691,0.172,1.9,7.3,4.5,21,1.6,0.5,10.7,19.5,1.6,1.2,2.8,0.062,0.2,-1.2,-1,0.5,
183,Garrison Mathews,25,HOU,SG,65,33,1712,11,0.602,0.837,0.39,2,10.2,6.1,5.3,1.6,1.3,7.1,14.4,2.2,0.5,2.8,0.077,-1.3,-1,-2.3,-0.1,
184,Moritz Wagner,24,ORL,C,63,3,960,18.1,0.623,0.508,0.326,4.6,21,12.8,15.4,1,1.2,11,22.9,1.8,1,2.8,0.138,1.5,0.1,1.6,0.9,
185,JaMychal Green,31,DEN,PF,67,8,1085,14.1,0.587,0.379,0.284,8.6,19.9,14.5,7.6,1.9,2.2,13.4,17.2,1.2,1.4,2.7,0.118,-2,0.1,-1.8,0,
186,Malcolm Brogdon,29,IND,PG,36,36,1206,18,0.557,0.343,0.308,3,14.3,8.6,26.9,1.2,1,11.1,24.6,2.2,0.4,2.7,0.106,2.8,-0.5,2.3,1.3,
187,Damion Lee,29,GSW,SG,63,5,1256,10.9,0.561,0.488,0.196,2.4,14.9,8.8,7.1,1.5,0.5,8.4,15.8,0.9,1.8,2.7,0.102,-2.4,0.4,-2,0,
188,Taj Gibson,36,NYK,C,52,4,946,12,0.606,0.229,0.313,9.8,16.3,13,4.9,1.2,4.2,12.5,10,1.4,1.2,2.7,0.135,-3,1,-2,0,
189,Khem Birch,29,TOR,C,55,28,991,13.2,0.534,0.07,0.355,12.7,13.5,13.1,7.6,1.5,2.6,11.1,11.2,1.5,1.1,2.6,0.126,-1.7,0.4,-1.3,0.2,
190,Landry Shamet,24,PHO,SG,69,14,1437,10.2,0.55,0.689,0.167,1.2,8,4.7,9.7,0.9,0.6,7.3,16.8,1.1,1.5,2.6,0.085,-0.9,-0.4,-1.2,0.3,
191,De'Aaron Fox,24,SAC,PG,59,59,2083,17.4,0.549,0.228,0.319,1.3,10.9,6,26.8,1.6,1,11.9,29.1,1.5,1,2.5,0.058,0.6,-1.2,-0.6,0.7,
192,Gabe Vincent,25,MIA,PG,68,27,1589,10.6,0.551,0.63,0.105,1.6,7.3,4.5,19.4,2,0.8,15.4,17.8,0.7,1.9,2.5,0.076,-1.9,0.5,-1.4,0.2,
193,Precious Achiuwa,22,TOR,C,73,28,1725,12.7,0.503,0.259,0.217,8.7,21.7,14.9,6.9,1.1,2.3,11.3,18.5,0.4,2.1,2.5,0.07,-2,-0.6,-2.6,-0.2,
194,Cory Joseph,30,DET,PG,65,39,1600,11.4,0.579,0.393,0.283,1.9,10.3,5.9,21.8,1.3,1,15.9,14.3,1.7,0.8,2.5,0.075,-2,-0.1,-2.1,0,
195,Marcus Morris,32,LAC,PF,54,54,1564,13.7,0.549,0.398,0.214,1.8,14,8.1,11.3,0.9,1,8.4,23.2,0.9,1.5,2.4,0.074,-0.3,-1,-1.4,0.3,
196,Jaden McDaniels,21,MIN,PF,70,31,1803,10.3,0.553,0.455,0.128,4.4,13.2,8.7,6.1,1.4,2.9,11.4,15.3,0.7,1.7,2.4,0.065,-2.9,-0.1,-2.9,-0.4,
197,Deni Avdija,21,WAS,SF,82,8,1984,11.6,0.536,0.447,0.235,3,20.5,11.9,11.8,1.5,1.9,12,16.3,0.6,1.8,2.4,0.058,-2.1,0.4,-1.7,0.1,
198,Bones Hyland,21,DEN,SG,69,4,1310,14.4,0.558,0.627,0.219,1.2,14.4,8,21.2,1.5,1.4,12.1,23.8,1.1,1.3,2.4,0.088,0.3,-0.7,-0.4,0.5,
199,Josh Green,21,DAL,SG,67,3,1039,11.9,0.578,0.305,0.176,5.6,11.7,8.6,11,2.2,1.2,13.8,13.9,1,1.4,2.4,0.111,-2.4,1.4,-1,0.3,
200,Terry Taylor,22,IND,PF,33,7,714,19,0.656,0.173,0.232,14.6,12.2,13.4,8.6,1,1,8.7,15.9,2.2,0.2,2.4,0.16,2.1,-2.8,-0.6,0.2,
201,Coby White,21,CHI,PG,61,17,1675,12.6,0.564,0.548,0.141,1.1,11,6.1,15,0.8,0.6,9.3,19.8,1.6,0.8,2.4,0.067,-0.4,-1.7,-2.1,0,
202,Jerami Grant,27,DET,PF,47,47,1500,16.1,0.556,0.363,0.371,1.9,12.4,6.9,12.5,1.4,2.9,9.5,25.7,1.2,1.1,2.3,0.075,1.4,-0.2,1.2,1.2,
203,Torrey Craig,31,2TM,SF,78,16,1596,11,0.556,0.531,0.118,5.9,15.4,10.7,7.6,1.4,2,12.6,14.3,0.9,1.4,2.3,0.07,-1.7,-0.1,-1.8,0.1,
204,Jordan McLaughlin,25,MIN,PG,62,3,902,13.4,0.535,0.425,0.2,2.6,8.8,5.6,26.1,3,1.1,14.9,11.8,1.3,1,2.3,0.123,-1.2,1.6,0.4,0.6,
205,Corey Kispert,22,WAS,SF,77,36,1801,10.9,0.586,0.623,0.121,3.3,9.4,6.4,6.7,1,1,8.5,14.6,1.6,0.7,2.3,0.061,-0.8,-1.5,-2.3,-0.1,
206,RJ Barrett,21,NYK,SF,70,70,2417,13.7,0.511,0.338,0.34,2.9,15.5,9.1,14.9,0.9,0.7,9.9,27.6,0.1,2.2,2.3,0.046,-0.3,-1.3,-1.6,0.2,
207,George Hill,35,MIL,PG,54,17,1253,10.2,0.552,0.487,0.225,3.3,9.7,6.6,12.4,1.6,0.5,11.9,11.7,1.3,1,2.3,0.087,-2.2,0.6,-1.6,0.1,
208,Larry Nance Jr.,29,2TM,PF,46,11,1040,14.4,0.59,0.283,0.231,7.4,19.3,13.1,11.4,2,1.9,12,12.8,1.5,0.8,2.3,0.104,-0.4,0.3,-0.1,0.5,
209,Dean Wade,25,CLE,PF,51,28,980,10.1,0.584,0.654,0.138,3.6,13.1,8.5,7.3,1.5,0.6,6.5,11.1,1.1,1.1,2.3,0.111,-1.9,1.3,-0.6,0.4,
210,Oshae Brissett,23,IND,SF,67,25,1564,12.9,0.53,0.468,0.324,7.6,18.1,12.8,6.4,1.4,1.6,8.5,17.3,1.4,0.9,2.2,0.069,-0.5,-1.7,-2.2,-0.1,
211,Ziaire Williams,20,MEM,SF,62,31,1346,9.7,0.559,0.571,0.13,2,8.2,5,6.3,1.2,0.8,8.4,14.9,1.1,1.1,2.2,0.08,-2.4,-0.6,-3,-0.3,
212,Derrick Jones Jr.,24,CHI,PF,51,8,899,13,0.633,0.313,0.359,7.6,13.6,10.6,4.4,1.4,3.2,11.7,12.5,1.4,0.8,2.2,0.119,-1.5,0.5,-0.9,0.2,
213,Lonzo Ball,24,CHI,PG,35,35,1212,14.5,0.575,0.679,0.073,3.3,14.3,8.8,20,2.6,2.2,17.2,17.4,0.8,1.4,2.2,0.088,0.9,1.6,2.5,1.4,
214,DeAndre' Bembry,27,2TM,SF,56,20,1026,11.9,0.601,0.163,0.158,4.6,12.5,8.6,8.6,2.3,2.2,11.6,11.2,1.1,1.1,2.2,0.104,-2.2,1.5,-0.7,0.3,
215,Thaddeus Young,33,2TM,PF,52,1,845,17,0.548,0.176,0.18,9.8,16.8,13.1,17.7,3.1,2,15,17.4,0.9,1.3,2.2,0.126,0.1,2.1,2.2,0.9,
216,Taurean Prince,27,MIN,PF,69,8,1177,12.4,0.589,0.587,0.21,2.3,13.8,7.9,8.1,1.9,1.9,11.1,17,1,1.2,2.2,0.09,-1,0,-0.9,0.3,
217,Joe Ingles,34,UTA,SF,45,15,1122,10,0.551,0.789,0.077,1.2,11.2,6.4,19,1,0.4,13.5,13.2,1.3,0.9,2.2,0.094,-0.7,0.5,-0.3,0.5,
218,Caris LeVert,27,2TM,SG,58,49,1781,15.1,0.525,0.3,0.226,2.7,10.7,6.7,22,1.4,1.1,10.3,25.4,1.2,1,2.2,0.059,0,-1.2,-1.2,0.4,
219,Chuma Okeke,23,ORL,PF,70,20,1749,12,0.501,0.645,0.113,2.8,18.2,10.5,10.1,2.7,2.2,8.6,16.4,-0.3,2.5,2.2,0.06,-1.6,1.5,-0.1,0.8,
220,Gary Harris,27,ORL,SG,61,30,1730,10.9,0.571,0.546,0.172,2.2,5.3,3.7,9.5,1.6,0.5,9.3,16.4,1.1,1,2.2,0.06,-2,-0.4,-2.4,-0.2,
221,Omer Yurtseven,23,MIA,C,56,12,706,17.4,0.546,0.045,0.247,13.9,33,23.6,11,1.2,3,13,19.9,0.8,1.4,2.1,0.145,-1.4,0.4,-1,0.2,
222,Blake Griffin,32,BRK,C,56,24,958,13.7,0.518,0.463,0.243,7,18.6,13,15,1.4,1.3,8.2,16.9,1.2,0.9,2.1,0.106,-0.6,0.1,-0.5,0.3,
223,Alperen Şengün,19,HOU,C,72,13,1489,16,0.552,0.223,0.442,10.1,18.9,14.5,19.1,1.9,4.1,18.8,22,0.8,1.3,2.1,0.068,-1.6,0.6,-1,0.4,
224,Jose Alvarado,23,NOP,PG,54,1,834,16.4,0.52,0.374,0.18,3.2,10.2,6.6,26.9,4.2,0.8,11.2,18.4,1,1.1,2.1,0.121,-0.5,2.4,1.9,0.8,
225,Hamidou Diallo,23,DET,SG,58,29,1269,15.7,0.541,0.177,0.266,5.6,18.7,11.8,9.8,2.7,1.2,9,21.8,0.6,1.5,2.1,0.079,-1.2,0.7,-0.5,0.5,
226,Mike Muscala,30,OKC,C,43,0,592,19.7,0.63,0.657,0.23,3.6,19.1,11.2,6.2,1.5,4.1,4.9,20.9,1.4,0.7,2.1,0.17,3.8,1.2,5,1.1,
227,Rudy Gay,35,UTA,PF,55,1,1038,13,0.539,0.536,0.208,6,19.1,12.8,7.8,1.2,1.6,10.2,19.3,0.8,1.3,2.1,0.097,-0.7,-0.3,-1,0.3,
228,Juan Toscano-Anderson,28,GSW,SF,73,6,994,11,0.561,0.37,0.298,3.2,15.8,9.7,17.6,2.4,1.6,20.4,14.7,0.3,1.8,2,0.098,-3.3,2.4,-0.8,0.3,
229,Marvin Bagley III,22,2TM,PF,48,25,1146,15.7,0.551,0.217,0.226,9.7,22.6,16,5.2,0.9,1.4,7.4,19.8,1.2,0.9,2,0.085,-0.5,-1.8,-2.3,-0.1,
230,Kyle Kuzma,26,WAS,PF,66,66,2204,15.2,0.547,0.401,0.234,3.6,24.3,14.1,16.3,0.9,2.2,14.1,24.2,0,2,2,0.044,0.2,-0.4,-0.2,1,
231,Tim Hardaway Jr.,29,DAL,SG,42,20,1245,12.7,0.52,0.574,0.194,1.2,12.8,7,11.4,1.5,0.4,5.6,22,0.5,1.5,2,0.077,-0.4,0.2,-0.2,0.6,
232,Facundo Campazzo,30,DEN,PG,65,4,1184,11.1,0.503,0.652,0.264,2.2,8.6,5.5,24.1,2.6,1.8,16.9,14.7,0.6,1.3,2,0.081,-2.1,1.3,-0.8,0.4,
233,Serge Ibaka,32,2TM,C,54,12,877,14.4,0.579,0.334,0.149,7.7,22.2,15.1,8.4,0.6,3.3,12,17.8,0.8,1.1,2,0.108,-1.3,-0.2,-1.5,0.1,
234,Alex Caruso,27,CHI,SG,41,18,1147,11.7,0.528,0.492,0.285,3.3,11.2,7.3,18.5,3,1.1,16.5,13.3,0.7,1.2,2,0.082,-2.2,2.3,0.2,0.6,
235,Eric Paschall,25,UTA,PF,58,3,736,13.9,0.612,0.46,0.366,4.6,10.9,7.9,7.1,0.6,0.6,9,17.7,1.4,0.5,2,0.128,0.5,-1,-0.5,0.3,
236,Anfernee Simons,22,POR,SG,57,30,1681,15.3,0.583,0.555,0.146,1.6,8.5,4.9,22.2,0.9,0.4,11.9,24.8,2,-0.1,1.9,0.055,1.9,-2.7,-0.7,0.5,
237,Cameron Payne,27,PHO,PG,58,12,1278,13.8,0.5,0.359,0.152,2.1,12.3,7.3,30.7,1.5,1.2,14.1,24.6,0.2,1.8,1.9,0.073,-0.4,0.4,0,0.7,
238,Daniel Theis,29,2TM,C,47,27,977,13.2,0.595,0.368,0.247,6.6,18.8,12.7,6.3,1,2.9,12.5,16.2,0.9,1,1.9,0.093,-1.9,-0.2,-2.1,0,
239,Trendon Watford,21,POR,SF,48,10,869,15.8,0.59,0.142,0.352,7,18.6,12.6,14.6,1.4,3.2,12.5,17.6,1.4,0.5,1.9,0.104,-1.4,-0.4,-1.7,0.1,
240,DeAndre Jordan,33,2TM,C,48,20,622,17.2,0.641,0,0.28,14.7,31.4,23.1,4.9,0.9,5,18.7,13.9,0.9,1,1.9,0.145,-1.5,0.1,-1.4,0.1,
241,Danny Green,34,PHI,SF,62,28,1353,9.5,0.561,0.847,0.044,2.7,10.1,6.5,6.5,2.2,2.5,12.1,12.3,0.3,1.6,1.9,0.067,-1.4,0.8,-0.5,0.5,
242,Trey Murphy III,21,NOP,SF,62,1,864,12.5,0.558,0.671,0.184,5.9,13.1,9.4,6.2,1.3,0.8,5.1,15.7,1.3,0.6,1.9,0.104,0.2,-1.4,-1.2,0.2,
243,Buddy Hield,29,2TM,SG,81,32,2499,12.9,0.548,0.652,0.116,2.9,12.8,7.8,13.8,1.4,0.9,11.7,22.4,0.8,1.1,1.9,0.036,0.5,-1.7,-1.2,0.5,
244,Goga Bitadze,22,IND,C,50,16,729,18,0.595,0.317,0.373,11.9,15.3,13.5,11.2,1.4,5,13.6,19.9,1.3,0.6,1.9,0.122,-0.2,-0.6,-0.8,0.2,
245,Kemba Walker,31,NYK,PG,37,37,948,13.9,0.537,0.538,0.192,1.6,11.2,6.3,22.2,1.4,0.7,10.7,20.8,1,0.9,1.8,0.093,0.7,-0.2,0.4,0.6,
246,Kenrich Williams,27,OKC,SF,49,0,1072,13.3,0.532,0.382,0.174,7.1,14.1,10.5,15.3,2,0.9,11.9,15.6,0.8,1,1.8,0.081,-1.3,1.1,-0.3,0.5,
247,Stanley Johnson,25,LAL,PF,48,27,1094,10.5,0.564,0.418,0.295,3.4,11.9,7.6,9.8,1.9,1.1,11,12.5,0.9,0.9,1.8,0.079,-2.8,0.1,-2.7,-0.2,
248,Bismack Biyombo,29,PHO,C,36,3,506,17.3,0.596,0,0.49,13.7,21.5,17.7,6.2,1.1,4.6,12.4,17.1,0.9,0.9,1.8,0.17,-1.7,0.4,-1.3,0.1,
249,Zeke Nnaji,21,DEN,PF,41,1,698,13.5,0.629,0.43,0.349,9.3,14.1,11.8,3.4,1.1,1.7,9.7,14.9,1.2,0.6,1.8,0.123,-0.7,-1.6,-2.2,0,
250,Klay Thompson,31,GSW,SG,32,32,941,16.7,0.547,0.517,0.089,1.8,12.4,7.3,16.1,0.8,1.7,6.7,29.6,0.6,1.2,1.8,0.091,2.6,-1.6,1.1,0.7,
251,Darius Bazley,21,OKC,PF,69,53,1924,12.6,0.515,0.414,0.262,3.7,19.8,11.6,7.7,1.5,3.4,11.1,18.3,-0.5,2.2,1.8,0.044,-2.1,0.3,-1.8,0.1,
252,Xavier Tillman Sr.,23,MEM,PF,53,2,701,15.1,0.51,0.227,0.329,9.6,14.5,12,11.6,3.3,1.9,12.1,16.4,0.6,1.2,1.8,0.121,-1.1,1.8,0.7,0.5,
253,Damian Lillard,31,POR,PG,29,29,1056,18.5,0.55,0.514,0.328,1.3,11.6,6.2,34,0.8,1,11.6,29.3,1.7,0.1,1.7,0.079,4,-2.7,1.3,0.9,
254,Jalen McDaniels,24,CHO,SF,55,2,895,12.7,0.595,0.425,0.283,4.3,16,10.1,8.7,1.4,2.3,11.2,15.3,1,0.7,1.7,0.093,-1.9,-0.4,-2.3,-0.1,
255,Nassir Little,21,POR,SF,42,23,1088,13.5,0.575,0.489,0.298,5.7,18.7,11.9,7.4,1.1,3.3,10.1,15.8,1.2,0.6,1.7,0.076,-0.9,-0.6,-1.4,0.2,
256,Shake Milton,25,PHI,SG,55,6,1179,11.9,0.517,0.33,0.181,2.9,10.4,6.7,17.6,1.2,1.3,9.2,18.3,0.7,1,1.7,0.069,-1.6,-0.6,-2.2,-0.1,
257,James Johnson,34,BRK,PF,62,10,1191,10.3,0.513,0.277,0.179,4.8,14.6,9.8,14.5,1.2,2.6,12.7,13.7,0.6,1.1,1.7,0.068,-2.7,0.6,-2.2,-0.1,
258,Russell Westbrook,33,LAL,PG,78,78,2678,15,0.512,0.215,0.324,4.4,18.8,11.6,31.6,1.3,0.7,17.3,27.3,-0.6,2.3,1.7,0.03,-0.7,-0.9,-1.6,0.2,
259,Kelly Olynyk,30,DET,C,40,1,764,16.7,0.561,0.416,0.311,7.3,18.3,12.5,23.3,2,2.2,15.1,21.5,0.8,0.8,1.6,0.104,0.5,1,1.6,0.7,
260,Lamar Stevens,24,CLE,PF,63,13,1015,11.3,0.544,0.204,0.235,5.2,12.5,8.9,6.5,1.5,1.6,10.4,17.1,0.4,1.2,1.6,0.078,-3.2,0.3,-2.9,-0.2,
261,Davon Reed,26,DEN,SG,48,5,668,12.2,0.624,0.534,0.093,2.4,15.2,9,10.7,1.8,1.2,8.7,12.1,0.9,0.7,1.6,0.117,-0.6,0.3,-0.3,0.3,
262,Tristan Thompson,30,3TM,C,57,6,897,14.9,0.541,0.011,0.434,14.7,20.8,17.7,5.5,1.2,2,12.4,17.5,0.9,0.8,1.6,0.087,-1.6,-1.5,-3.1,-0.3,
263,Cole Anthony,21,ORL,PG,65,65,2059,13.5,0.519,0.429,0.277,1.6,16.2,8.9,28.9,1.1,0.8,14.2,25.1,-0.1,1.7,1.6,0.038,-0.6,-0.6,-1.2,0.4,
264,Dillon Brooks,26,MEM,SF,32,31,885,15.5,0.515,0.283,0.202,3.4,8.8,6,15.4,1.9,0.8,8,28.8,0.7,0.9,1.6,0.087,-1,-0.8,-1.8,0,
265,Keita Bates-Diop,26,SAS,SF,59,14,956,12.4,0.578,0.209,0.232,6.8,18.7,12.7,5.7,1.4,1.2,13.4,14.8,0.6,1,1.6,0.08,-2.1,-0.5,-2.6,-0.1,
266,Andre Iguodala,38,GSW,SF,31,0,603,12.3,0.478,0.612,0.165,3.9,13.9,9.1,24.7,2.2,3.5,17.7,11.4,0.5,1.1,1.6,0.125,-0.9,3.7,2.7,0.7,
267,Doug McDermott,30,SAS,PF,51,51,1223,11.4,0.593,0.551,0.11,1.5,8.4,4.9,7.3,0.5,0.4,8.1,18.3,1.1,0.5,1.6,0.062,-0.4,-2.1,-2.5,-0.1,
268,DeMarcus Cousins,31,2TM,C,48,7,718,18.2,0.567,0.377,0.386,11.7,29.1,20.6,15.2,2.4,2.7,18.3,28.1,0.3,1.3,1.6,0.104,-1.8,0.2,-1.6,0.1,
269,Raul Neto,29,WAS,PG,70,19,1372,12.4,0.538,0.272,0.245,1.1,9.6,5.4,22.9,2,0.2,13.9,18.4,0.7,0.8,1.5,0.053,-2.5,-0.5,-2.9,-0.4,
270,Nerlens Noel,27,NYK,C,25,11,562,11.8,0.581,0.05,0.5,9,18.1,13.5,5.7,2.7,5.4,21.5,7.3,0.4,1,1.5,0.128,-3.1,3.3,0.3,0.3,
271,Jock Landale,26,SAS,C,54,1,589,16,0.597,0.436,0.201,11.1,13.5,12.3,10.6,0.8,2,12.3,18.1,1,0.4,1.5,0.121,0.7,-1.1,-0.4,0.2,
272,Jeremiah Robinson-Earl,21,OKC,C,49,36,1087,11.7,0.526,0.509,0.167,7,19.1,13,6.7,1.3,1.3,10.1,15.4,0.4,1,1.5,0.066,-1.9,-0.4,-2.2,-0.1,
273,Chimezie Metu,24,SAC,C,60,20,1279,13.4,0.546,0.414,0.203,2.9,25.9,14.3,6.9,1.9,2.2,11.1,18.5,0.1,1.4,1.5,0.056,-1.6,0.1,-1.5,0.2,
274,Jericho Sims,23,NYK,PF,41,5,555,11.6,0.674,0,0.537,11.6,21.3,16.4,5.3,1,3.9,23.1,6.9,0.7,0.8,1.5,0.128,-2.8,1.1,-1.7,0,
275,Aaron Holiday,25,2TM,PG,63,15,1021,12.6,0.544,0.305,0.201,2.6,10.3,6.5,20.7,2,0.7,15.4,18.7,0.5,0.9,1.5,0.068,-1.9,0.3,-1.7,0.1,
276,Bryn Forbes,28,2TM,SG,75,2,1286,11.5,0.574,0.547,0.161,0.9,6.9,3.9,8.3,0.9,0.3,8.8,21.2,0.8,0.6,1.4,0.054,-0.7,-2.2,-2.9,-0.3,
277,Rui Hachimura,23,WAS,PF,42,13,943,14.9,0.579,0.323,0.173,3,15.6,9.4,7.9,1.2,0.8,7.4,20.9,0.9,0.6,1.4,0.073,0.2,-1.7,-1.4,0.1,
278,Derrick Rose,33,NYK,PG,26,4,636,16.9,0.541,0.336,0.113,3.5,9.8,6.6,27.5,1.7,1.9,11.9,22.5,0.8,0.7,1.4,0.108,2.3,0,2.3,0.7,
279,Derrick Favors,30,OKC,C,39,18,653,13.6,0.534,0.088,0.137,9,20.2,14.5,5.9,1.3,1.7,4.5,13.4,0.8,0.7,1.4,0.105,-2.3,0.3,-2.1,0,
280,Troy Brown Jr.,22,CHI,SF,66,7,1055,10.1,0.525,0.516,0.101,4.2,17.4,10.8,8.2,1.7,0.4,8.8,12.3,0.5,0.9,1.4,0.065,-1.7,-0.2,-1.8,0.1,
281,Quentin Grimes,21,NYK,SG,46,6,786,10.7,0.565,0.804,0.081,3.2,9.8,6.4,8.5,2,1.4,10.3,15.1,0.6,0.9,1.4,0.087,-1.2,0.9,-0.3,0.3,
282,Justin Holiday,32,2TM,SF,74,65,2057,9.5,0.543,0.728,0.094,1.5,8.8,5.1,8.6,1.3,1.4,9.2,15.8,0.8,0.6,1.4,0.033,-1.4,-0.8,-2.2,-0.1,
283,Isaiah Jackson,20,IND,C,36,15,541,20.5,0.607,0.078,0.427,12.2,18.7,15.4,2.9,2.3,8.4,14,22.5,0.7,0.7,1.4,0.126,-1.6,0,-1.6,0,
284,Eric Gordon,33,HOU,SG,57,46,1669,12.1,0.614,0.534,0.239,1,6.5,3.7,14.1,0.8,1,14.6,18.6,1.5,-0.1,1.4,0.04,-0.1,-2.2,-2.3,-0.1,
285,Bradley Beal,28,WAS,SG,40,40,1439,17.5,0.539,0.272,0.263,3,11.4,7.3,30.8,1.2,0.9,13.6,30.8,0.6,0.7,1.4,0.046,2,-1.2,0.8,1,
286,Luguentz Dort,22,OKC,SG,51,51,1665,12.3,0.541,0.539,0.263,2.3,10.9,6.5,8.6,1.3,1,9.8,23.3,0.2,1.1,1.4,0.04,-1.5,-0.7,-2.3,-0.1,
287,Enes Freedom,29,BOS,C,35,1,411,15,0.585,0.052,0.289,16.5,25.4,21,2.7,0.6,3.1,15.5,13.9,0.6,0.7,1.4,0.16,-1.2,-0.2,-1.4,0.1,
288,Anthony Gill,29,WAS,PF,44,0,463,14.7,0.682,0.239,0.477,8,12.2,10.2,8.3,0.5,2,12,14.4,1.1,0.2,1.4,0.14,-0.6,-1.3,-1.9,0,
289,Trent Forrest,23,UTA,PG,60,6,765,10.9,0.554,0.174,0.31,3.4,10.5,7.1,18.6,1.9,0.7,21.4,12.8,0.5,0.8,1.3,0.084,-2.3,1.2,-1,0.2,
290,Eric Bledsoe,32,LAC,PG,54,29,1361,12.5,0.514,0.348,0.25,2.2,11.6,7.1,24.1,2.5,1.2,18.3,20.5,-0.5,1.8,1.3,0.047,-2.1,1.3,-0.8,0.4,
291,T.J. McConnell,29,IND,PG,27,8,652,15.1,0.525,0.159,0.111,3.4,12.2,7.7,28.7,2.2,1.3,11.7,16.2,1,0.4,1.3,0.098,-0.4,1.4,0.9,0.5,
292,David Nwaba,29,HOU,SF,46,4,609,15.3,0.567,0.278,0.381,7.4,20,13.6,8.5,2.2,2.9,9.3,15.8,0.8,0.5,1.3,0.105,-0.6,0,-0.6,0.2,
293,Paul Reed,22,PHI,C,38,2,302,21.4,0.568,0.083,0.146,16.6,17.4,17,8.3,5.5,4.2,8.9,16.7,0.6,0.7,1.3,0.212,-0.8,2.9,2.1,0.3,
294,Romeo Langford,22,2TM,SG,48,5,771,9.2,0.52,0.445,0.22,4.3,10.7,7.6,3.7,1.4,1.9,7.1,12.9,0.3,1,1.3,0.082,-2.3,1,-1.4,0.1,
295,Ricky Rubio,31,CLE,PG,34,8,970,14,0.488,0.423,0.251,1.7,14.1,8,34.6,2.5,0.6,16.5,24.9,-0.1,1.4,1.3,0.064,-1,1.2,0.2,0.5,
296,Paul George,31,LAC,PF,31,31,1077,18.6,0.538,0.404,0.233,1.2,19.2,10.5,28.1,3,1,15.2,33.7,-0.6,1.9,1.3,0.057,1.8,1.9,3.7,1.6,
297,Moses Moody,19,GSW,SG,52,11,607,10.5,0.573,0.601,0.197,3.2,11,7.2,5.3,0.6,1.6,6.1,15.2,0.6,0.7,1.3,0.101,-1.4,-1.1,-2.5,-0.1,
298,Tony Bradley,24,CHI,C,55,7,549,14.9,0.6,0,0.236,13.8,24.3,19.1,6.7,0.9,5.2,20,13.6,0.6,0.7,1.3,0.112,-2,0.2,-1.8,0,
299,Day'Ron Sharpe,20,BRK,PF,32,8,391,20.7,0.593,0.047,0.275,23.2,21.4,22.3,6.7,1.2,3.4,15.2,21.7,0.8,0.5,1.2,0.152,-0.3,-2.5,-2.8,-0.1,
300,Zach Collins,24,SAS,C,28,4,502,16.4,0.594,0.265,0.419,9.5,22.5,16,16.3,1.2,3.8,19.7,19.2,0.6,0.7,1.2,0.118,-1.2,1,-0.2,0.2,
301,Lonnie Walker IV,23,SAS,SG,70,6,1612,12.3,0.512,0.462,0.194,1.2,10.7,5.9,13.4,1.3,1,7.9,23.6,0.1,1.1,1.2,0.037,-1.2,-1.3,-2.5,-0.2,
302,Jeremy Lamb,29,2TM,SF,56,0,935,13.3,0.521,0.49,0.305,3,15.3,9.1,12.3,1.6,2,8.6,19.7,0.6,0.6,1.2,0.063,-0.4,-0.5,-0.8,0.3,
303,Furkan Korkmaz,24,PHI,SG,67,19,1414,10.2,0.502,0.566,0.179,1.8,11.9,6.9,13.1,1.2,0.6,8.6,17.6,0.1,1.1,1.2,0.041,-2,-1.1,-3.1,-0.4,
304,Aaron Wiggins,23,OKC,SG,50,35,1209,10.3,0.556,0.409,0.252,4.3,11,7.6,8.5,1.2,0.8,12.6,15.3,0.5,0.8,1.2,0.048,-3.4,-0.9,-4.3,-0.7,
305,Gorgui Dieng,32,ATL,C,44,3,371,17.3,0.624,0.607,0.232,9.5,26.1,17.8,12.7,1.5,3.1,13.9,16.9,0.8,0.4,1.2,0.155,1.4,0.8,2.1,0.4,
306,Rodney McGruder,30,DET,SG,51,2,754,11.6,0.577,0.649,0.116,4.2,12.1,8,9.6,1.4,0.8,9.2,14.8,0.7,0.4,1.2,0.075,-0.7,-0.7,-1.4,0.1,
307,Avery Bradley,31,LAL,SG,62,45,1406,7.8,0.55,0.6,0.051,2.4,8,5.2,4.5,1.8,0.6,9.6,12.1,0.3,0.9,1.2,0.04,-3.5,-0.1,-3.6,-0.6,
308,Jevon Carter,26,2TM,PG,66,3,905,9.6,0.531,0.672,0.071,1.7,11.2,6.6,14,1.3,1.4,11.5,14,0.5,0.7,1.2,0.062,-1.8,-0.4,-2.2,-0.1,
309,Wesley Matthews,35,MIL,SG,49,14,1002,6.9,0.536,0.714,0.127,3.2,6.4,4.9,4.6,1.1,0.8,7.2,10.7,0.6,0.6,1.2,0.056,-3,-0.3,-3.3,-0.3,
310,Austin Rivers,29,DEN,SG,67,18,1480,7.2,0.546,0.66,0.126,1.5,6.9,4.3,8,1.7,0.4,12.8,12.6,0.1,1.1,1.2,0.037,-3.5,-0.3,-3.8,-0.7,
311,Moses Brown,22,2TM,C,40,6,345,18.5,0.612,0,0.667,12.7,30.5,21.7,0.4,1,4.2,12.5,20.7,0.5,0.7,1.2,0.16,-2.4,-0.9,-3.3,-0.1,
312,Sandro Mamukelashvili,22,MIL,PF,41,3,407,14.7,0.618,0.452,0.191,9.3,12,10.7,7.4,1.1,2.1,10.7,14.6,0.8,0.3,1.1,0.135,0.6,-1,-0.3,0.2,
313,De'Andre Hunter,24,ATL,SF,53,52,1577,10.6,0.547,0.339,0.289,1.8,10.4,6.1,6.1,1.1,1.2,9.6,19.9,0.4,0.7,1.1,0.034,-2.4,-1.5,-3.9,-0.8,
314,Thomas Bryant,24,WAS,C,27,9,439,16.6,0.607,0.284,0.27,6.7,20.4,13.6,7.9,0.7,4.1,10.3,18.7,0.7,0.4,1.1,0.118,-0.4,-0.7,-1,0.1,
315,Cody Zeller,29,POR,C,27,0,355,17.2,0.627,0.044,0.544,14.9,24.1,19.3,9.4,1.1,1.7,14.6,15.9,0.9,0.2,1.1,0.143,-1.2,-1,-2.1,0,
316,Talen Horton-Tucker,21,LAL,SG,60,19,1511,11,0.503,0.338,0.232,2.6,11.1,6.9,14.9,1.9,1.7,12.1,19.2,-0.2,1.2,1.1,0.033,-3.2,-0.2,-3.3,-0.5,
317,Tomáš Satoranský,30,3TM,SG,55,13,906,10.2,0.461,0.277,0.283,3.3,12.1,7.7,27,1.6,0.5,17.6,12.6,0.5,0.6,1,0.055,-3.3,-0.3,-3.7,-0.4,
318,Wayne Ellington,34,LAL,SG,43,9,810,9.9,0.593,0.89,0.046,1.3,8.9,5.1,5,1.4,0.5,7.3,13.8,0.6,0.4,1,0.062,-0.7,-0.6,-1.4,0.1,
319,Malachi Flynn,23,TOR,PG,44,5,537,11.7,0.488,0.492,0.131,1.9,11.3,6.4,18.5,1.9,0.7,6.3,16.5,0.5,0.5,1,0.092,-1.8,0.4,-1.5,0.1,
320,Danuel House Jr.,28,3TM,SF,42,7,727,10.6,0.555,0.591,0.293,2.8,13.8,8.4,8.4,1.4,2.1,12.9,15.2,0.4,0.7,1,0.068,-1.3,0.2,-1.1,0.2,
321,Olivier Sarr,22,OKC,C,22,2,421,14,0.672,0.287,0.287,8.2,14.6,11.4,6.9,0.7,3.3,16.2,13.9,0.7,0.3,1,0.117,-2.7,-1.3,-4,-0.2,
322,Cam Reddish,22,2TM,SF,49,7,1012,12.8,0.543,0.451,0.275,2.7,8.6,5.7,7,2.3,1.4,11.1,22.2,0.2,0.8,1,0.046,-1,-0.3,-1.3,0.2,
323,Nick Richards,24,CHO,C,50,5,367,15.9,0.689,0,0.478,9.7,15.2,12.4,4.9,1.2,5.4,18.1,15.4,0.6,0.3,1,0.125,-2.6,-0.2,-2.8,-0.1,
324,Nathan Knight,24,MIN,PF,37,2,267,18.7,0.603,0.148,0.682,12.5,21.8,17.1,11.9,1.2,2.9,13.6,20.7,0.6,0.3,1,0.171,-0.7,0.1,-0.6,0.1,
325,Thanasis Antetokounmpo,29,MIL,SF,48,6,473,12.5,0.577,0.109,0.359,9.2,13.4,11.3,6.5,1.6,2.4,14.9,15.7,0.4,0.5,0.9,0.095,-3.5,-0.1,-3.5,-0.2,
326,Chris Duarte,24,IND,SG,55,39,1541,12.3,0.537,0.411,0.18,2.9,13.6,8.2,10.9,1.8,0.6,11.8,21.1,0.2,0.7,0.9,0.029,-1.2,-1.1,-2.3,-0.1,
327,Frank Ntilikina,23,DAL,SG,58,5,685,10.4,0.513,0.498,0.112,1.9,10.9,6.4,14.7,2,0.9,11.7,17.4,0.1,0.9,0.9,0.065,-2.8,0.9,-1.9,0,
328,Saben Lee,22,DET,PG,37,0,604,13.8,0.499,0.339,0.401,3.1,13,7.8,26.2,2.9,1.8,14.7,17.3,0.3,0.7,0.9,0.073,-1.9,1.5,-0.4,0.2,
329,Alex Len,28,SAC,C,39,10,620,13.1,0.577,0.119,0.358,9,19.3,14.1,10.6,1,3.5,17.4,17.1,0.4,0.5,0.9,0.07,-3.2,0.3,-2.9,-0.1,
330,Dāvis Bertāns,29,2TM,PF,56,0,807,9.4,0.531,0.836,0.145,1.7,14.3,8,5.5,1,1.3,6.1,17.3,0.2,0.7,0.9,0.053,-1.7,-0.9,-2.6,-0.1,
331,Juancho Hernangómez,26,3TM,PF,40,9,445,11.5,0.542,0.651,0.321,7,17.1,12.2,6,1.6,2,11.7,13.4,0.3,0.6,0.9,0.095,-0.7,0.1,-0.6,0.2,
332,Timothé Luwawu-Cabarrot,26,ATL,SF,52,18,685,9.3,0.556,0.656,0.22,2.7,10.3,6.6,7.7,1.3,0.8,8.9,14.3,0.6,0.3,0.9,0.061,-2.3,-1,-3.3,-0.2,
333,Patrick Williams,20,CHI,PF,17,9,422,12.7,0.637,0.284,0.402,4.6,13.8,9.2,4.8,1,1.8,11.8,14.2,0.6,0.3,0.9,0.099,-0.9,-0.7,-1.5,0,
334,Frank Kaminsky,28,PHO,C,9,0,181,21.3,0.635,0.227,0.303,6.7,17.3,12.1,10.1,2.1,3.4,6.3,19,0.5,0.3,0.9,0.228,2.4,2.5,4.9,0.3,
335,Garrett Temple,35,NOP,SG,59,16,1098,8.6,0.494,0.627,0.139,2.9,11.8,7.2,9.2,1.9,2,11.8,13.9,-0.1,1,0.8,0.037,-2.8,0.3,-2.5,-0.1,
336,Kevin Porter Jr.,21,HOU,PG,61,61,1907,13.5,0.531,0.511,0.239,2.5,13,7.7,30.7,1.7,1,17.7,24.1,0,0.8,0.8,0.021,-0.1,-1.6,-1.6,0.2,
337,Ben McLemore,28,POR,SG,64,6,1285,11.7,0.567,0.774,0.163,1,8.1,4.4,7.3,1.4,0.8,8.7,21.3,0.7,0.2,0.8,0.031,-0.7,-2.5,-3.2,-0.4,
338,Cam Thomas,20,BRK,SG,67,2,1176,11.7,0.519,0.346,0.209,1.5,13.1,7.5,9.7,1.4,0.6,9.1,22.1,0,0.8,0.8,0.033,-2,-1.4,-3.4,-0.4,
339,Lance Stephenson,31,2TM,SG,46,1,814,13.6,0.536,0.279,0.248,1.6,16,8.7,30.2,1.4,0.4,16.7,22.6,0.4,0.4,0.8,0.048,-1.6,-1.6,-3.2,-0.2,
340,Robin Lopez,33,ORL,C,36,9,612,13.7,0.57,0.03,0.271,11.7,10,10.9,14.4,0.2,2.7,16.5,18.9,0.5,0.3,0.8,0.064,-2.4,-1.4,-3.8,-0.3,
341,Justin Champagnie,20,TOR,SF,36,0,281,13.6,0.571,0.418,0.134,13.5,14.3,13.9,5.4,1.4,1.4,10.1,12,0.5,0.3,0.8,0.138,-1.3,-0.7,-2,0,
342,Dylan Windler,25,CLE,SF,50,0,459,8.8,0.519,0.714,0.184,5.2,16,10.7,10,1.5,0.6,13.1,11.8,0.2,0.6,0.8,0.084,-3,1.2,-1.7,0,
343,Sterling Brown,26,DAL,SG,49,3,628,8.4,0.495,0.594,0.097,4.6,21.8,13.2,7.5,1.1,1,12.5,13.2,-0.1,0.9,0.8,0.061,-3.4,0.5,-2.9,-0.1,
344,Lindy Waters III,24,OKC,SG,25,1,465,13,0.562,0.834,0.029,1.3,15,8.1,8.1,2,1.6,5.8,17.5,0.3,0.5,0.8,0.081,-0.8,-0.8,-1.6,0.1,
345,D.J. Augustin,34,2TM,PG,55,2,883,9.7,0.61,0.739,0.194,1.4,7,4.2,16.8,0.9,0.1,18.9,14.3,0.7,0.1,0.8,0.043,-1.2,-2.4,-3.6,-0.4,
346,Svi Mykhailiuk,24,TOR,SF,56,5,716,9.6,0.509,0.573,0.158,2.9,11.5,7,8.8,1.8,0.5,11.3,16.9,0.1,0.7,0.8,0.052,-2.7,-0.2,-2.9,-0.2,
347,Justise Winslow,25,2TM,PF,48,11,774,13.1,0.479,0.257,0.257,7,20.9,14,16.1,2.2,2.9,14.6,18.9,-0.3,1.1,0.8,0.048,-2.7,1,-1.7,0.1,
348,Marquese Chriss,24,DAL,PF,34,0,346,14.8,0.518,0.187,0.246,10.6,22.5,16.5,7.7,1.9,3.1,10.3,21.5,0.2,0.6,0.8,0.108,-3.8,0,-3.8,-0.2,
349,Naji Marshall,24,NOP,SF,55,4,735,12.3,0.505,0.39,0.346,5.6,16,10.7,12.3,2.2,1,12.9,20.8,0,0.7,0.8,0.05,-2.7,-0.5,-3.2,-0.2,
350,Charles Bassey,21,PHI,C,23,0,168,21.5,0.66,0.085,0.255,14.9,26.1,20.6,6.5,1.5,9.1,13.3,16.1,0.4,0.3,0.8,0.22,-0.4,2.1,1.7,0.2,
351,Luka Garza,23,DET,C,32,5,389,15.6,0.535,0.333,0.415,15.3,12.3,13.9,8.3,1.1,1.4,9.4,21.1,0.5,0.2,0.8,0.093,-0.5,-2,-2.5,-0.1,
352,Frank Jackson,23,DET,PG,53,7,1164,10.6,0.53,0.578,0.215,1.7,6.7,4,7.6,1.1,0.7,6.7,20.9,0.3,0.4,0.7,0.031,-1.8,-1.7,-3.5,-0.4,
353,Donte DiVincenzo,25,2TM,SG,42,1,1006,11.3,0.51,0.649,0.247,4.3,14,9.1,16.1,2.3,0.7,16.2,18.9,-0.1,0.9,0.7,0.035,-1.8,-0.5,-2.3,-0.1,
354,Gary Clark,27,NOP,PF,38,1,378,11.4,0.547,0.795,0.114,6.6,20.1,13.2,6.4,1.7,1.8,9.8,11.6,0.3,0.4,0.7,0.092,0.1,0,0.1,0.2,
355,Brandon Goodwin,26,CLE,PG,36,5,502,11.8,0.501,0.357,0.247,3.1,11.4,7.4,26,2.5,0.2,17.4,18.2,0.1,0.7,0.7,0.069,-2.6,1.1,-1.6,0.1,
356,Rodney Hood,29,2TM,SF,52,0,709,7.2,0.493,0.58,0.121,2.3,9.1,5.8,6.9,1,0.8,6.2,10.7,0.2,0.5,0.7,0.048,-3,-0.3,-3.3,-0.2,
357,Yuta Watanabe,27,TOR,SF,38,4,445,11.5,0.524,0.572,0.29,4.2,19,11.2,6.6,1.2,3.5,10.9,16.8,0.1,0.6,0.7,0.075,-1.9,0,-2,0,
358,Rajon Rondo,35,2TM,PG,39,1,697,10.9,0.496,0.5,0.148,2.4,14.4,8.5,33.1,2.1,0.8,26.6,16,-0.1,0.8,0.7,0.048,-2.4,0.7,-1.7,0.1,
359,Greg Monroe,31,4TM,C,14,0,195,19.5,0.566,0,0.404,16.9,18.8,17.7,16.2,2,4.8,15.2,17.3,0.4,0.3,0.7,0.169,-0.3,0.7,0.4,0.1,
360,Isaiah Livers,23,DET,SF,19,5,383,11.1,0.629,0.711,0.156,4,12.5,8,8,1.7,1.6,13.5,12.4,0.4,0.3,0.7,0.085,-1.3,-0.2,-1.5,0,
361,Jalen Green,19,HOU,SG,67,67,2138,12.5,0.547,0.48,0.247,1.7,10,5.8,13.1,1,0.8,11.3,23.7,0.5,0.2,0.7,0.015,-0.5,-2.4,-2.9,-0.5,ROY-4
362,Brook Lopez,33,MIL,C,13,11,298,16,0.57,0.405,0.176,6.9,11.9,9.4,3,1.3,4.8,7.8,21.9,0.3,0.3,0.7,0.108,-0.7,-0.7,-1.3,0.1,
363,Wenyen Gabriel,24,3TM,PF,26,5,358,12.5,0.549,0.255,0.382,11.8,17.2,14.5,5.6,0.7,2.7,11.1,17.4,0.4,0.3,0.7,0.09,-3.7,-2.1,-5.9,-0.4,
364,Josh Okogie,23,MIN,SG,49,6,516,9,0.526,0.452,0.49,5.9,8.7,7.3,6.2,2.4,2.2,15.4,12.1,0.1,0.5,0.7,0.062,-3.7,0.9,-2.7,-0.1,
365,Udoka Azubuike,22,UTA,C,17,6,195,17.6,0.743,0,0.224,10.5,28.8,19.9,0,0.3,5,18.2,14.7,0.3,0.3,0.6,0.157,-1.8,0.4,-1.4,0,
366,Kessler Edwards,21,BRK,SF,48,23,987,8.3,0.516,0.509,0.071,5,13.8,9.5,4.1,1.4,2.2,13.2,13.8,-0.2,0.9,0.6,0.031,-3.1,-0.8,-3.8,-0.5,
367,Jordan Nwora,23,MIL,SF,62,13,1185,9.9,0.506,0.491,0.093,3.4,16.1,9.9,7,1,1.4,10.6,19.4,-0.4,1.1,0.6,0.025,-2.7,-1.5,-4.1,-0.6,
368,Vit Krejci,21,OKC,SG,30,8,690,8.5,0.529,0.587,0.132,2.6,12.6,7.5,11.9,1.3,1.1,14.1,12.9,0.1,0.5,0.6,0.042,-4.3,-1,-5.3,-0.6,
369,Ish Wainright,27,PHO,PF,45,0,359,9.4,0.494,0.567,0.115,8.3,7.9,8.1,5.3,2.7,1.5,10.6,14.7,0,0.6,0.6,0.079,-3,1,-2,0,
370,Jaylen Hoard,22,OKC,SF,7,5,240,18,0.536,0.278,0.156,12.7,23.5,18,11.6,1.2,1.9,7.7,18.7,0.3,0.3,0.6,0.118,1.2,-2.1,-0.9,0.1,
371,Lou Williams,35,ATL,PG,56,0,799,12.1,0.5,0.319,0.244,2.2,9.7,6,18.6,1.7,0.3,10.8,21.7,0.2,0.4,0.6,0.034,-2,-1.4,-3.4,-0.3,
372,Sam Hauser,24,BOS,SF,26,0,158,14.8,0.65,0.88,0,3.5,16,9.9,9.1,0.3,1.2,3.8,14.5,0.4,0.2,0.6,0.171,2.7,-0.3,2.3,0.2,
373,Killian Tillie,23,MEM,C,36,3,461,7.6,0.452,0.677,0.063,4.7,9.1,6.8,5.9,2.4,2.9,9.1,12.8,-0.1,0.6,0.6,0.058,-3.8,1.1,-2.7,-0.1,
374,Malcolm Hill,26,2TM,SG,19,0,212,12.7,0.619,0.692,0.269,5.8,12.6,9.2,5,1.6,1.2,4.9,12.7,0.4,0.2,0.6,0.126,-1.1,-0.5,-1.6,0,
375,Matt Thomas,27,CHI,SG,40,0,459,9.9,0.564,0.679,0.149,0.7,11.5,6.1,5.8,0.9,0.6,5.3,14.5,0.3,0.2,0.6,0.058,-1.2,-1.5,-2.6,-0.1,
376,Ish Smith,33,2TM,PG,65,1,1126,12.5,0.465,0.156,0.056,2.4,11.1,6.8,31.5,2,1.8,15,20.1,-0.3,0.9,0.5,0.023,-2.2,-0.6,-2.9,-0.2,
377,Ty Jerome,24,OKC,SG,48,4,801,11.3,0.488,0.567,0.143,2.4,7.7,5,21.3,1.8,0.6,9.6,20.8,0,0.5,0.5,0.032,-2.2,-0.2,-2.3,-0.1,
378,Joe Harris,30,BRK,SF,14,14,423,9.6,0.624,0.71,0.048,1.3,12.8,7.2,4.5,0.8,0.4,11.2,14.5,0.3,0.2,0.5,0.06,-0.9,-0.5,-1.4,0.1,
379,Tyler Cook,24,CHI,PF,20,2,200,13,0.643,0,0.842,9.1,20.7,14.9,2,1,1.7,11.8,13,0.4,0.2,0.5,0.127,-3,-1.1,-4.1,-0.1,
380,Ed Davis,32,CLE,C,31,3,201,9.3,0.632,0,0.875,7.9,26.9,17.6,4.5,0.7,4,18.4,6,0.2,0.3,0.5,0.126,-4.2,2.5,-1.8,0,
381,Usman Garuba,19,HOU,PF,24,2,239,12.9,0.51,0.455,0.159,9.6,28.7,19.1,9.6,2,4.1,11.3,9.4,0.2,0.3,0.5,0.105,-1.8,0.9,-0.9,0.1,
382,Devontae Cacok,25,SAS,PF,15,0,121,20.2,0.675,0,0.226,6.9,29.7,18.2,6.9,3.2,4.9,8.1,12.9,0.3,0.3,0.5,0.206,0.7,3.5,4.2,0.2,
383,KZ Okpala,22,MIA,PF,21,0,244,10.4,0.521,0.377,0.159,5.2,13.7,9.5,8.3,0.8,3,6.3,14.4,0.2,0.3,0.5,0.097,-3.2,0.4,-2.8,-0.1,
384,Terence Davis,24,SAC,SG,30,11,536,14.6,0.543,0.558,0.165,2.2,17,9.5,11.9,2.2,1.8,10.3,25.6,0,0.5,0.5,0.044,-0.6,-0.4,-0.9,0.2,
385,Killian Hayes,20,DET,PG,66,40,1647,9.3,0.461,0.364,0.161,2.2,12,6.9,24.6,2.3,1.9,18.4,15.7,-1,1.5,0.5,0.014,-4.3,0.8,-3.5,-0.6,
386,Paul Millsap,36,2TM,C,33,1,376,10.8,0.458,0.304,0.209,12.3,20.7,16.6,10.4,1.3,3.1,13.1,16.7,0,0.5,0.5,0.061,-3.7,0.2,-3.5,-0.1,
387,Maurice Harkless,28,SAC,SF,47,24,863,7.7,0.561,0.558,0.155,1.5,12.7,7.1,3.6,1.6,2.4,13.8,11.2,-0.1,0.6,0.5,0.026,-3.7,0.4,-3.3,-0.3,
388,Ignas Brazdeikis,23,ORL,SF,42,1,536,10.2,0.52,0.463,0.17,4.5,9.7,7.1,10.7,0.9,0.5,7.8,17.7,0.2,0.3,0.5,0.041,-2.7,-1.6,-4.3,-0.3,
389,Aaron Nesmith,22,BOS,SF,52,3,574,7.3,0.507,0.632,0.143,2.9,13.6,8.4,5.4,1.7,0.8,13.8,17.2,-0.4,0.9,0.4,0.038,-4.9,0.7,-4.3,-0.3,
390,Victor Oladipo,29,MIA,SG,8,1,173,16.8,0.608,0.493,0.26,2,12.9,7.5,26.3,1.4,0.6,16.4,25.1,0.2,0.2,0.4,0.124,1.8,-0.5,1.3,0.1,
391,Bruno Fernando,23,2TM,C,30,0,152,21.2,0.671,0.036,0.436,13,26.6,19.8,7.5,0.3,6.5,17.6,22.4,0.2,0.2,0.4,0.14,-0.4,0.2,-0.1,0.1,
392,Isaiah Joe,22,PHI,SG,55,1,609,7.7,0.519,0.763,0.175,1.1,9,5.1,8.1,1.1,0.4,9.1,15.5,0,0.4,0.4,0.035,-3.1,-1.5,-4.6,-0.4,
393,Dalano Banton,22,TOR,PG,64,1,696,10,0.463,0.252,0.218,5.6,14.1,9.7,19.8,2,1.4,19.3,16.9,-0.4,0.8,0.4,0.03,-3.5,0.4,-3.1,-0.2,
394,Jared Butler,21,UTA,SG,42,1,360,12.1,0.509,0.583,0.106,1.6,11.8,6.8,26,2.3,2,17.3,23.1,0,0.5,0.4,0.057,-2.3,0.7,-1.6,0,
395,Vlatko Čančar,24,DEN,PF,15,1,176,12.7,0.657,0.293,0.341,5.2,14.1,9.8,13.2,0.6,1.5,16,14,0.3,0.1,0.4,0.114,-0.9,-0.9,-1.7,0,
396,Luke Kornet,26,3TM,C,15,0,103,16.6,0.506,0.185,0.222,14,16.4,15.2,12.4,1.4,2.6,0,12.7,0.2,0.2,0.4,0.194,-0.9,0.4,-0.5,0,
397,Brandon Boston Jr.,20,LAC,SG,51,0,760,11.2,0.481,0.342,0.222,2.4,12.7,7.7,10.1,1.7,1.5,8,22.4,-0.5,0.9,0.4,0.026,-3,-0.4,-3.3,-0.3,
398,Dennis Smith Jr.,24,POR,PG,37,4,638,13.2,0.474,0.143,0.339,3.3,12.2,7.6,30.5,3.4,1.9,19,18.2,-0.1,0.5,0.4,0.031,-2.8,1.2,-1.7,0.1,
399,CJ Elleby,21,POR,SF,58,28,1174,9.2,0.491,0.409,0.273,6,15.6,10.6,10.6,1.5,1.6,14,14.8,-0.1,0.5,0.4,0.016,-3.8,-1.5,-5.3,-1,
400,Markelle Fultz,23,ORL,PG,18,3,360,17.7,0.517,0.097,0.177,1.2,13.2,7.2,48.9,2.7,1.3,17.5,27.5,0,0.4,0.4,0.053,-0.1,0.4,0.2,0.2,
401,Greg Brown III,20,POR,SF,48,6,640,11,0.515,0.321,0.342,6.3,17.3,11.6,8.1,2,3.7,14.1,17.2,-0.1,0.5,0.4,0.029,-4,-0.7,-4.7,-0.4,
402,Tony Snell,30,2TM,SG,53,12,823,6.3,0.541,0.749,0.023,2.1,12,6.9,4.7,1,1.1,9.9,10.1,0.2,0.2,0.4,0.023,-3.4,-0.8,-4.2,-0.5,
403,Reggie Jackson,31,LAC,SG,75,75,2337,12.1,0.488,0.419,0.133,1.8,10.2,6.1,24.6,1.2,0.5,11.8,27.6,-1.7,2,0.4,0.008,-1.4,-1.6,-3,-0.6,
404,Jared Harper,24,NOP,PG,5,0,43,36.9,0.666,0.462,0.154,5,0,2.6,64.1,4.6,2.2,6.7,29.7,0.3,0.1,0.4,0.422,14.2,3.1,17.3,0.2,
405,Theo Pinson,26,DAL,SF,19,0,148,11.9,0.553,0.769,0.256,1.5,14.3,7.9,15.9,1.7,1.2,10.3,14.7,0.2,0.2,0.4,0.122,-1.5,1,-0.5,0.1,
406,D.J. Wilson,25,TOR,PF,4,1,54,27.9,0.773,0.133,0.667,1.9,31.8,16.1,14.6,4.6,1.8,9.3,17,0.2,0.1,0.4,0.328,1.8,3.2,5,0.1,
407,Aleksej Pokusevski,20,OKC,PF,61,12,1233,12,0.485,0.432,0.11,6,20.8,13.3,16.5,1.5,2.9,16.4,20,-1.1,1.5,0.4,0.014,-2.7,0.1,-2.6,-0.2,
408,Josh Giddey,19,OKC,SF,54,54,1700,13.3,0.478,0.318,0.118,5.8,19.8,12.7,32.3,1.5,1.1,19.5,22.2,-1.3,1.7,0.4,0.01,-1.2,0.3,-0.9,0.5,
409,Rayjon Tucker,24,2TM,SG,5,0,71,17.7,0.869,0.556,0.778,4.7,7.5,6.1,18.1,2.7,0,7.6,7.9,0.3,0.1,0.4,0.243,2.3,1.2,3.5,0.1,
410,Goran Dragić,35,2TM,PG,21,8,498,10,0.474,0.417,0.219,2.9,11.3,7.1,22.9,1.9,0.7,17,17.2,-0.1,0.4,0.4,0.034,-2.8,-0.5,-3.3,-0.2,
411,Justin Anderson,28,2TM,SF,16,6,316,10.4,0.493,0.621,0.2,1.4,15,8.1,14.2,1.2,1.7,7.2,15.1,0.2,0.2,0.4,0.054,-1.9,-1.3,-3.2,-0.1,
412,Xavier Moon,27,LAC,SG,10,0,137,16.2,0.545,0.275,0.098,1.6,9,5.4,27,2.5,1.9,10.1,19,0.2,0.2,0.3,0.121,-1.1,1,-0.1,0.1,
413,David Duke Jr.,22,BRK,PG,22,7,341,10,0.444,0.343,0.194,9.8,11.5,10.7,6.6,2,1.8,7.1,15.9,0,0.3,0.3,0.048,-3,-0.9,-3.9,-0.2,
414,Markieff Morris,32,MIA,PF,17,1,298,10.9,0.547,0.342,0.079,6.6,10.5,8.6,12.1,1,0.4,14.5,20.6,0,0.3,0.3,0.054,-1.5,-0.4,-1.9,0,
415,Santi Aldama,21,MEM,PF,32,0,360,10.2,0.452,0.364,0.242,9.4,16.1,12.6,7.7,0.8,2.5,9.9,18.4,-0.1,0.4,0.3,0.044,-4.2,-1.5,-5.7,-0.3,
416,Jabari Parker,26,BOS,PF,12,0,112,14.8,0.632,0.421,0.237,5,21.7,13.5,7.9,1.8,0.8,16,19.6,0.1,0.2,0.3,0.141,-0.3,1.1,0.7,0.1,
417,Terrence Ross,30,ORL,SG,63,0,1448,10,0.515,0.477,0.235,1.5,10.3,5.9,12.5,0.9,0.8,10.9,20.5,-0.5,0.9,0.3,0.011,-2.5,-1.1,-3.7,-0.6,
418,JT Thor,19,CHO,PF,33,0,262,9.7,0.525,0.491,0.364,4.4,13.1,8.7,9.2,1.5,4,13.6,12,0.1,0.2,0.3,0.058,-3.1,0.1,-3,-0.1,
419,Mamadi Diakite,25,OKC,PF,13,3,188,11.6,0.54,0.106,0.234,9.2,23.3,16.1,1.6,1.3,4.5,11.9,13.5,0.1,0.3,0.3,0.08,-5.9,0.9,-5,-0.1,
420,Markus Howard,22,DEN,SG,31,0,176,16.1,0.567,0.693,0.228,1.3,6.1,3.8,6.2,2.5,0,5.9,29.4,0.1,0.2,0.3,0.082,0.8,-2,-1.2,0,
421,Théo Maledon,20,OKC,PG,51,7,908,10.6,0.5,0.473,0.315,2.2,12.8,7.4,18.5,1.7,1.1,15.3,20.3,-0.5,0.8,0.3,0.015,-3.7,-0.7,-4.4,-0.6,
422,Josh Christopher,20,HOU,SG,74,2,1334,12.2,0.534,0.378,0.226,4.3,11.1,7.7,17.3,2.3,0.9,17.2,21.1,-0.4,0.7,0.3,0.01,-2.2,-1.3,-3.5,-0.5,
423,Skylar Mays,24,ATL,SG,28,5,220,11.7,0.589,0.391,0.141,2.5,9.9,6.2,10.8,1.6,0,12.8,15.5,0.2,0.1,0.3,0.061,-1.2,-0.8,-2,0,
424,PJ Dozier,25,DEN,SG,18,0,340,8.7,0.463,0.485,0.131,4.8,15.6,10.3,11.3,1.6,1.6,11,15.2,-0.1,0.4,0.3,0.038,-3,1,-2,0,
425,Admiral Schofield,24,ORL,SF,38,1,469,7.5,0.538,0.612,0.116,3.8,16.3,10,7.9,0.4,1,13.4,14.5,-0.1,0.3,0.3,0.027,-4.2,-1.2,-5.4,-0.4,
426,Chris Silva,25,2TM,PF,10,0,91,11.6,0.641,0,0.8,16.5,28.2,22.4,10.6,0,1.2,28.3,13.8,0.1,0.1,0.3,0.137,-5,0.1,-4.9,-0.1,
427,Hassani Gravett,25,ORL,PG,8,3,171,10.1,0.629,0.684,0.105,0.6,12.4,6.5,17,1.4,0.5,18.5,12.3,0.1,0.1,0.3,0.071,-2.4,0.2,-2.3,0,
428,Willie Cauley-Stein,28,2TM,C,20,2,183,8.3,0.474,0.057,0.057,7.9,16.4,12.2,7.5,1.7,1.5,16.3,10.6,0,0.3,0.2,0.066,-4.1,1.1,-3,0,
429,Semi Ojeleye,27,2TM,PF,30,0,406,6.7,0.438,0.505,0.293,7.2,12,9.7,2.9,0.8,1.4,7.5,12.8,-0.1,0.3,0.2,0.029,-4.1,-1.6,-5.7,-0.4,
430,Miles McBride,21,NYK,PG,40,2,372,6.1,0.393,0.63,0.111,1.1,11.2,6.1,15.9,1.9,0.3,4.2,13.9,-0.1,0.4,0.2,0.032,-5.5,1,-4.5,-0.2,
431,Armoni Brooks,23,2TM,SG,54,11,844,8.4,0.483,0.862,0.073,2.5,10.9,6.7,10.4,1.6,1.2,8.3,16.4,-0.1,0.4,0.2,0.014,-2.6,-1.3,-3.9,-0.4,
432,Quinndary Weatherspoon,25,GSW,SG,11,0,73,12,0.647,0.238,0.238,3.1,17.4,10.5,10.1,0.7,1.3,11.5,15.7,0.1,0.1,0.2,0.148,-4.5,0.1,-4.4,0,
433,Reggie Perry,21,2TM,PF,10,1,187,15.6,0.537,0.203,0.19,8.5,19.5,13.8,11.1,2.4,3.2,11.4,22.4,0.1,0.2,0.2,0.058,-3.1,-1,-4.1,-0.1,
434,Kevin Knox,22,2TM,SF,30,0,222,10.9,0.491,0.635,0.259,6.8,14.8,10.7,6.5,0.9,0.8,6.9,20,0.1,0.2,0.2,0.047,-1.9,-2.2,-4.1,-0.1,
435,Braxton Key,24,2TM,SF,11,0,197,13.7,0.508,0.292,0.181,6.8,21.4,13.7,8.9,2.5,5,12.4,19.4,-0.1,0.3,0.2,0.052,-3.8,0.6,-3.3,-0.1,
436,Mason Jones,23,LAL,SG,4,0,51,17.8,0.625,0.267,1,2.1,18.9,10.5,10.9,1.9,0,4.4,19,0.2,0,0.2,0.201,-1.2,0.3,-0.9,0,
437,Cameron Oliver,25,ATL,SF,2,0,43,21.4,0.705,0.2,0.2,5.1,10.1,7.6,11.1,1.1,2.1,0,16.6,0.2,0,0.2,0.219,2.3,-0.5,1.7,0,
438,Trevor Ariza,36,LAL,SF,24,11,462,7,0.449,0.747,0.182,2.3,16.7,9.5,7.5,1.3,1.2,9.3,11,-0.2,0.4,0.2,0.02,-3.3,-0.2,-3.4,-0.2,
439,Lindell Wigginton,23,MIL,PG,19,0,199,10.2,0.524,0.426,0.574,1.6,11.5,6.7,15.7,1.2,0.5,13.6,19,0,0.1,0.2,0.044,-3.2,-1.9,-5,-0.2,
440,Denzel Valentine,28,2TM,SG,24,0,222,8.1,0.523,0.712,0,4.6,16.1,10.4,7,1.8,0,15.4,15.5,-0.1,0.3,0.2,0.039,-3.1,0.4,-2.7,0,
441,Isaiah Thomas,32,3TM,PG,22,1,333,12,0.516,0.497,0.156,1.3,8.1,4.6,15.7,1,1.4,7.8,24.8,0,0.1,0.2,0.026,-1.9,-2.6,-4.5,-0.2,
442,Kris Dunn,27,POR,PG,14,3,336,12.5,0.482,0.108,0.176,2.8,13.6,8,35.1,3.3,0.9,22.5,18.3,-0.1,0.3,0.2,0.024,-4.6,-0.8,-5.4,-0.3,
443,Joe Wieskamp,22,SAS,SG,29,0,205,7.1,0.494,0.768,0.232,2,5.2,3.6,5.5,0.9,1.2,3.1,13.1,0.1,0.1,0.1,0.035,-2.9,-1.1,-3.9,-0.1,
444,Alize Johnson,25,3TM,PF,23,0,167,10.7,0.463,0.103,0.308,18.8,22.1,20.4,7.1,1.5,0,21.3,14.8,0,0.1,0.1,0.041,-3.6,-1.8,-5.5,-0.1,
445,Haywood Highsmith,25,MIA,SF,19,1,163,7,0.446,0.609,0.109,7.1,10.9,9,5.1,0.6,1.9,5.9,14,0,0.2,0.1,0.041,-3.3,-1.3,-4.6,-0.1,
446,Kyle Guy,24,MIA,SG,19,0,186,9.5,0.526,0.615,0.185,2.5,7.8,5.2,13.5,1.9,0.6,15.6,19.9,-0.1,0.2,0.1,0.035,-3.1,-0.3,-3.4,-0.1,
447,Davion Mitchell,23,SAC,PG,75,19,2076,10.8,0.489,0.38,0.101,1.7,7,4.4,22.5,1.3,1,11.5,20.6,-0.5,0.6,0.1,0.003,-2.1,-1.7,-3.8,-0.9,
448,James Ennis III,31,3TM,SF,7,0,56,17.7,0.553,0.333,0.208,9.9,13.1,11.6,7.4,1.7,3.1,7.1,22,0.1,0.1,0.1,0.114,-0.1,-1,-1.1,0,
449,Malik Fitts,24,2TM,PF,15,0,63,10.7,0.553,0.526,0,3.5,25.2,14.7,12.7,0,0,9.5,14.6,0.1,0.1,0.1,0.097,-0.6,-0.5,-1.1,0,
450,Neemias Queta,22,SAC,C,15,0,120,12.7,0.495,0,0.447,12.6,15.6,14.1,7.2,0.4,5.8,11.7,18.4,0,0.1,0.1,0.051,-4.1,-1,-5.1,-0.1,
451,Brandon Knight,30,DAL,PG,5,0,65,13,0.561,0.68,0.32,0,13.7,6.8,18.6,0.8,0,12.3,22.5,0.1,0.1,0.1,0.091,-2.7,-1.9,-4.6,0,
452,Trevelin Queen,24,HOU,SG,10,0,74,18.2,0.619,0.727,0.121,10.3,13.4,11.9,8.8,3.2,1.2,16.8,23.9,0.1,0.1,0.1,0.08,2.7,-0.8,1.9,0.1,
453,Freddie Gillespie,24,ORL,PF,9,2,119,9.5,0.419,0.045,0.318,11.5,20.5,16,5.9,1.2,6.9,16.6,10.9,-0.1,0.2,0.1,0.049,-5.6,1,-4.6,-0.1,
454,Boban Marjanović,33,DAL,C,23,0,128,18.5,0.615,0.057,0.314,6.9,27,16.9,4.8,0,2.1,15.8,33.3,-0.1,0.2,0.1,0.045,-3.2,-1.2,-4.4,-0.1,
455,Jake Layman,27,MIN,SF,34,1,231,9,0.5,0.479,0.247,2.7,14.3,8.4,5.3,1.4,2.1,11,16.4,-0.1,0.2,0.1,0.024,-3.3,-0.6,-3.9,-0.1,
456,Bol Bol,22,DEN,PF,14,0,81,13.5,0.565,0.148,0.185,5.7,21.4,13.8,9.1,0.6,2.2,12,18,0,0.1,0.1,0.065,-0.5,-0.4,-1,0,
457,Sekou Doumbouya,21,LAL,PF,2,0,16,40.7,0.717,0.25,0.5,13.5,26.8,20.2,0,9,11.1,17,31.6,0,0.1,0.1,0.3,8.8,10,18.8,0.1,
458,Devin Cannady,25,ORL,PG,5,0,145,8.6,0.531,0.841,0.159,0.7,3.7,2.2,10,1.7,1.9,9.6,15.5,0,0.1,0.1,0.033,-2.8,-0.4,-3.2,0,
459,Cameron McGriff,24,POR,SF,3,0,46,12.5,0.47,0.429,0.143,13.8,22.3,17.9,9.4,0,2.1,0,14,0.1,0,0.1,0.097,-1,-3,-4,0,
460,Gabriel Deck,26,OKC,PF,7,0,56,11.5,0.643,0.286,0,1.8,9.3,5.5,13.7,0.9,0,12.5,12.3,0.1,0,0.1,0.08,-1.2,-1.3,-2.5,0,
461,B.J. Johnson,26,ORL,SF,4,0,65,12.1,0.52,0.4,0,9.7,14.7,12.2,0,0,1.4,0,16.7,0.1,0,0.1,0.065,-0.7,-3.9,-4.7,0,
462,Isaac Bonga,22,TOR,SF,15,0,69,8.7,0.363,0.308,0.615,6,5,5.5,7.3,5.8,2.8,10.8,11.5,-0.1,0.1,0.1,0.06,-5.4,5,-0.4,0,
463,Marcus Garrett,23,MIA,SG,12,0,128,4.7,0.28,0.19,0.238,8.1,12.2,10.2,7,2,2.5,7.9,8.8,-0.1,0.2,0.1,0.032,-6.4,1,-5.4,-0.1,
464,Devon Dotson,22,CHI,PG,11,0,85,9.8,0.538,0.391,0.391,1.3,10.5,6,23.9,0.6,0,15.6,16.6,0.1,0,0.1,0.048,-3.4,-1.5,-4.9,-0.1,
465,Jarrett Culver,22,MEM,SG,37,0,338,8.7,0.433,0.348,0.252,3.9,11.1,7.4,13,2.8,1.3,11.8,20.6,-0.4,0.5,0.1,0.012,-5.7,0.3,-5.4,-0.3,
466,Ryan Arcidiacono,27,NYK,PG,10,0,76,6.1,0.667,0.75,0,0,11.5,5.7,7.5,0.7,0,20,8.6,0,0.1,0.1,0.052,-4.6,0,-4.6,-0.1,
467,Juwan Morgan,24,2TM,PF,2,0,31,8.3,0.833,0.667,0,6.6,7.4,7,4.2,0,0,0,4.1,0.1,0,0.1,0.124,-3.3,-3.9,-7.1,0,
468,Wes Iwundu,27,ATL,SF,3,1,82,7.1,0.557,0.278,0.222,4,13.3,8.7,0,0.6,0,4.8,11.1,0.1,0,0.1,0.046,-4.1,-2.7,-6.8,-0.1,
469,Nickeil Alexander-Walker,23,2TM,SG,65,21,1466,10.5,0.475,0.497,0.16,2.7,11.5,7.1,16.1,1.5,1.5,11.3,24.1,-1.1,1.1,0.1,0.003,-1.8,-1.1,-2.9,-0.3,
470,Eugene Omoruyi,24,DAL,SF,4,0,18,17,0.518,0.4,0.8,12.3,30.9,21.6,15.8,0,0,0,16.9,0.1,0,0.1,0.201,3.3,0.7,4,0,
471,Cheick Diallo,25,DET,C,3,0,31,12.3,0.517,0,0.75,13.3,29.4,20.9,0,1.6,0,8.6,16.1,0,0,0.1,0.108,-4.2,-3.3,-7.5,0,
472,Kent Bazemore,32,LAL,SF,39,14,545,6,0.451,0.576,0.122,2.6,11,6.8,8.1,2.2,1.5,12.5,13.2,-0.4,0.5,0.1,0.006,-5.1,0.8,-4.3,-0.3,
473,Daniel Oturu,22,TOR,C,3,0,27,13.4,0.549,0.167,0.833,3.8,17,10,0,0,7.2,0,13,0,0,0.1,0.121,-2.7,-2.5,-5.2,0,
474,Cassius Stanley,22,DET,SG,9,1,155,8,0.516,0.37,0.217,3.3,10.3,6.6,3.9,1.6,1.2,10.6,15.6,0,0.1,0.1,0.021,-4.9,-1,-5.8,-0.2,
475,Brodric Thomas,25,BOS,SG,12,0,60,10,0.52,0.5,0.278,3.7,14.1,9,26,0.8,1.5,22.9,19.2,0,0.1,0.1,0.052,-3.6,0.8,-2.8,0,
476,Nik Stauskas,28,2TM,SG,8,0,39,10.5,0.541,0.714,0.429,3,5.7,4.4,7.3,0,0,5.7,20,0,0,0.1,0.078,-0.9,-2.7,-3.6,0,
477,Tyler Johnson,29,2TM,PG,6,0,91,7.1,0.425,0.65,0,3.5,10.7,7.1,9.5,1.6,2.8,9.1,10.5,0,0.1,0.1,0.033,-3.9,0.8,-3,0,
478,Craig Sword,28,WAS,SG,3,0,19,14.2,0.75,0.25,0,0,0,0,7.7,10.4,0,20,11.7,0,0,0.1,0.158,-8.6,10,1.4,0,
479,Vernon Carey Jr.,20,2TM,C,7,1,44,15.8,0.534,0,1,19.9,9.8,14.8,0,2.2,1.9,13.8,21.6,0,0,0.1,0.068,-3,-4.5,-7.5,-0.1,
480,Tre Mann,20,OKC,PG,60,26,1367,10.2,0.501,0.463,0.139,1.9,11.2,6.4,10.7,1.7,0.8,10.2,22,-1,1,0.1,0.002,-3.3,-1.1,-4.4,-0.8,
481,Udonis Haslem,41,MIA,C,13,0,83,8.6,0.495,0.129,0.097,5.6,28.2,17.1,7.4,0.6,1.3,13.4,20,-0.1,0.1,0.1,0.033,-6.4,-0.7,-7.1,-0.1,
482,Kevin Pangos,29,CLE,PG,24,3,166,6.5,0.408,0.565,0.087,1.4,5.9,3.7,24.6,0.9,0,12.8,14.6,-0.1,0.1,0.1,0.016,-4.7,-1.4,-6.1,-0.2,
483,Tacko Fall,26,CLE,C,11,1,59,11.3,0.398,0,0.583,13.4,29.4,21.6,4.6,0,9.1,16.6,13.6,-0.1,0.1,0.1,0.043,-4.1,0.8,-3.4,0,
484,Jamorko Pickett,24,DET,PF,13,0,176,7.6,0.491,0.78,0.04,3.5,16.8,9.8,5.8,0,3.6,8.9,13.6,0,0.1,0.1,0.015,-2.8,-2.1,-5,-0.1,
485,Jemerrio Jones,26,LAL,SF,2,0,15,14.8,0.667,0,0,14.4,7.1,10.8,0,3.2,0,0,8.6,0,0,0.1,0.17,-1.1,0.1,-1,0,
486,Moses Wright,23,2TM,PF,4,0,14,18.3,0.47,0.25,0.75,7.9,15.9,11.9,16.8,0,6.5,0,17.1,0,0,0.1,0.18,1.1,0.4,1.4,0,
487,Micah Potter,23,DET,C,3,0,31,13.6,0.505,0.182,0.182,13.3,18.4,15.7,0,1.6,2.9,7.8,17.8,0,0,0,0.073,-4,-3,-7.1,0,
488,Kelan Martin,26,2TM,SF,30,1,450,9.4,0.484,0.439,0.076,4.1,9.6,6.8,6.7,1.4,1.7,7.3,18.1,-0.1,0.2,0,0.005,-2.6,-1,-3.6,-0.2,
489,Charlie Brown Jr.,24,2TM,SG,22,2,177,6.5,0.346,0.308,0.256,9,11.2,10.1,4.5,2.8,2,10.3,12.3,-0.2,0.2,0,0.012,-5.2,0.4,-4.8,-0.1,
490,Yves Pons,22,MEM,SF,12,0,71,5.9,0.385,0.563,0.125,7.2,10.6,8.8,1.7,0.7,5,5.6,10.3,0,0.1,0,0.03,-4.9,-1.7,-6.6,-0.1,
491,Dakota Mathias,26,MEM,SG,6,0,16,11,0.5,1,0,0,13.4,6.5,8,3,0,0,15.4,0,0,0,0.114,-1.4,1.7,0.3,0,
492,McKinley Wright IV,23,MIN,PG,5,0,19,9.5,0.833,0.667,0,0,0,0,20.9,0,0,25,8.8,0,0,0,0.092,-1.4,-2.8,-4.2,0,
493,Sam Merrill,25,MEM,SG,6,0,58,7.5,0.485,0.958,0.167,1.8,11.1,6.3,9,0,0,7.2,19.6,0,0,0,0.029,-2.2,-3.4,-5.6,-0.1,
494,Jalen Johnson,20,ATL,PF,22,0,120,11.3,0.59,0.317,0.171,1.8,21.8,11.9,3.7,1.2,1.5,17,19.3,-0.1,0.1,0,0.013,-3.9,-1.1,-4.9,-0.1,
495,Tre Scott,25,CLE,SF,2,0,11,20.4,0.5,0.167,0,10.3,9.8,10.1,0,4.5,8.1,0,24.1,0,0,0,0.138,-4.8,1.8,-3,0,
496,Malik Newman,24,CLE,PG,1,0,8,28.6,0.68,0.2,0.4,0,13.5,6.9,27.8,0,0,14.5,38.1,0,0,0,0.179,6.3,0.1,6.4,0,
497,Trey Burke,29,DAL,PG,42,0,441,10,0.475,0.381,0.107,1,7.3,4.2,20.7,1.4,0,10.4,25.6,-0.4,0.4,0,0.003,-3.6,-1.4,-5,-0.3,
498,Gabe York,28,IND,SG,2,0,21,12.7,0.435,0.857,0.714,0,10.8,5.3,25.1,4.7,4.1,9.8,20.8,0,0,0,0.059,-3.7,2.2,-1.5,0,
499,Ahmad Caver,25,IND,SG,1,0,1,76.2,1,0,0,0,0,0,0,0,0,0,42.8,0,0,0,1.204,31,5.9,36.9,0,
500,Jordan Bell,27,CHI,C,1,0,2,29.9,,,,56.6,0,28.1,0,24.4,0,,0,0,0,0,0.6,-8.1,10.8,2.7,0,